"","accommod","account","action","activ","addit","adjust","agenc","anticip","appropri","assess","balanc","ben","bernank","board","brainard","busi","chair","chairman","charl","close","committe","condit","consist","continu","current","daniel","debt","decid","declin","determin","develop","dudley","econom","economi","employ","energi","expand","expect","feder","financi","fix","fomc","foster","fund","futur","gain","goal","governor","gradual","growth","help","hold","hous","household","howev","improv","includ","incom","increas","indic","inflat","inform","intern","invest","issu","janet","jerom","job","john","judg","keep","labor","lael","level","like","longer","longerterm","low","maintain","mandat","market","maximum","measur","medium","met","moder","monetari","monitor","month","mortgageback","note","object","open","outlook","pace","percent","polici","powel","pressur","price","promot","randal","rang","rate","read","receiv","recent","reflect","relat","remain","reserv","risk","run","sector","secur","seek","sinc","size","spend","stabil","stanc","statutori","support","sustain","system","take","target","term","time","today","treasuri","unemploy","vice","vote","warrant","wide","will","william","year","yellen","egrowth"
"1","3","1","2","3","0","0","3","3","4","3","3","0","0","1","1","1","1","1","1","1","23","5","5","5","6","1","1","1","2","1","2","1","6","0","6","2","2","8","7","2","1","1","1","5","0","1","2","1","1","0","1","2","1","1","1","4","1","1","3","4","16","3","0","1","0","1","1","1","0","2","2","7","1","4","4","1","4","1","4","2","7","4","4","0","1","3","3","1","0","2","0","3","1","1","2","7","7","1","1","4","0","0","7","6","1","1","0","1","0","4","1","2","3","1","4","1","2","0","1","2","1","1","1","0","1","2","7","0","3","1","1","1","1","2","1","1","6","1","0","1","up"
"2","0","1","1","3","1","2","1","0","1","2","0","0","0","1","1","1","2","0","0","1","5","5","0","3","0","0","0","1","1","1","2","0","7","3","4","0","0","3","4","3","0","0","1","1","1","0","0","1","0","0","0","1","0","2","0","0","2","1","0","1","6","3","1","0","1","0","1","1","1","0","0","1","1","0","0","0","0","0","2","0","4","3","2","1","0","0","3","2","0","1","1","2","1","2","0","2","3","1","2","4","1","1","4","1","1","0","1","0","2","0","3","1","0","0","2","0","0","1","0","2","1","0","4","0","1","1","2","3","2","0","1","0","1","0","0","1","8","1","0","0","down"
"3","0","0","2","2","1","1","2","3","0","0","1","1","1","0","0","1","0","2","1","0","6","4","0","4","0","1","1","1","0","0","0","1","6","0","1","1","0","1","8","3","1","1","0","2","0","0","0","1","2","2","0","0","2","1","1","2","0","1","0","0","1","1","0","1","0","1","0","1","0","0","0","0","0","2","3","0","0","1","1","0","8","0","0","0","1","0","2","1","0","1","0","0","1","1","1","1","2","0","1","3","2","0","1","2","0","1","1","0","0","3","5","0","0","0","4","0","1","1","1","4","0","0","1","1","1","0","1","0","2","0","2","0","1","1","2","0","8","1","1","0","flat"
"4","3","1","1","2","1","1","1","0","3","3","0","0","0","1","1","0","2","0","0","0","9","4","1","3","1","0","0","1","1","0","0","0","5","3","5","0","0","4","4","3","0","0","1","1","0","0","2","1","0","0","1","2","0","2","0","0","1","1","1","0","10","2","1","0","1","0","1","0","1","0","1","2","1","2","0","1","1","0","2","0","3","3","1","1","0","2","4","1","1","1","1","0","0","2","1","7","5","1","1","3","1","1","4","2","1","0","0","1","0","3","3","2","2","0","2","1","0","0","0","1","3","0","3","1","1","1","2","1","4","0","1","0","1","1","0","1","7","1","1","0","down"
"5","2","0","2","1","1","0","3","3","0","0","0","1","1","1","0","1","0","2","0","1","9","2","4","3","1","1","1","2","2","0","1","1","8","0","2","0","0","3","5","2","1","1","1","3","0","0","0","1","1","2","1","2","1","1","0","2","0","1","0","0","5","2","0","1","0","1","1","0","1","2","1","1","0","3","2","0","1","3","2","4","3","1","0","2","1","1","2","1","1","2","0","0","1","2","1","1","3","1","0","3","1","0","1","8","0","1","1","1","0","4","1","1","1","1","3","1","2","0","1","2","1","1","1","1","1","0","1","1","2","1","0","2","1","2","2","0","4","2","4","1","down"
"6","6","1","3","0","2","0","5","2","5","0","1","1","1","1","0","1","0","2","1","1","17","3","4","7","1","1","1","3","1","2","1","1","8","0","4","1","0","6","4","4","1","1","1","2","1","0","2","1","1","2","2","1","1","1","0","2","1","1","2","1","10","3","0","1","0","1","1","0","0","1","1","3","0","2","2","0","4","1","3","2","5","3","1","1","1","2","4","1","2","4","0","3","1","1","4","5","8","1","2","3","0","0","2","7","1","1","1","1","0","4","1","2","2","1","6","1","1","1","1","1","2","1","3","0","1","2","1","1","3","0","3","3","1","2","0","0","10","1","1","0","up"
"7","3","1","1","1","0","1","1","0","3","3","0","0","0","1","1","0","2","0","1","0","11","4","1","6","0","0","0","1","0","0","0","0","3","5","5","0","0","5","3","3","0","0","1","1","0","0","4","1","0","0","1","1","0","2","0","1","1","1","1","2","9","2","1","0","1","0","1","0","1","1","1","2","1","1","1","1","0","0","2","0","3","4","1","0","0","3","4","1","3","0","1","0","0","2","1","7","6","1","1","2","1","1","4","2","1","0","1","2","0","2","2","2","2","1","2","1","1","0","0","2","3","0","4","0","1","1","2","0","4","0","1","0","1","0","1","1","5","1","0","0","up"
"8","0","0","4","0","0","0","0","0","0","1","0","1","1","3","0","0","0","2","1","0","3","1","0","2","0","0","0","1","0","0","3","0","4","1","0","0","0","0","4","2","0","1","1","1","0","0","0","2","0","3","1","0","1","0","1","1","0","0","1","0","3","0","0","0","0","0","0","0","0","1","0","0","0","0","0","0","0","0","0","0","3","0","0","0","0","2","1","1","0","0","0","0","1","0","0","0","1","0","0","1","1","1","0","2","1","0","0","0","1","1","2","1","0","0","0","0","1","0","0","1","0","0","0","1","1","1","1","0","0","1","0","0","1","0","0","0","3","1","1","0","flat"
"9","1","1","2","2","0","2","3","1","0","2","2","0","0","1","1","1","1","1","1","0","12","6","0","3","1","0","1","1","2","1","3","1","6","1","2","1","2","10","9","1","1","1","1","6","1","1","1","1","3","0","0","2","0","1","1","0","1","1","1","2","11","3","1","1","1","1","1","1","0","0","0","5","1","1","2","1","1","1","2","1","6","2","4","1","1","3","3","2","3","2","1","2","1","2","1","6","5","1","1","2","0","0","4","6","1","1","2","0","2","4","2","1","2","0","5","1","2","1","1","2","2","1","1","1","1","1","3","2","2","0","1","1","1","1","1","1","8","1","3","1","up"
"10","3","1","3","1","3","0","6","2","3","0","0","1","1","0","0","1","0","2","0","1","11","2","1","6","1","1","1","1","0","1","1","1","6","0","4","0","1","2","5","3","1","1","1","3","0","0","0","1","0","3","2","3","1","1","0","4","0","1","3","0","4","2","0","1","0","1","1","0","1","0","1","2","0","3","4","0","3","2","1","2","5","2","0","1","1","1","2","1","4","5","0","0","1","2","3","2","6","1","1","4","0","0","1","6","0","1","2","0","0","3","1","1","1","1","7","1","1","1","1","3","1","1","3","1","1","1","1","1","3","2","1","1","1","1","1","0","6","2","2","1","up"
"11","0","0","2","1","1","0","2","2","0","0","1","1","1","0","0","2","0","2","1","0","7","4","0","4","0","1","1","0","0","0","0","1","9","1","1","0","0","1","9","5","1","1","1","2","0","0","0","1","1","2","0","0","2","2","0","2","0","0","1","1","2","1","0","1","0","1","0","1","0","0","0","0","0","1","2","1","0","1","1","0","8","0","0","0","1","0","2","1","0","1","0","0","1","2","1","1","2","0","0","3","1","0","2","3","0","1","0","1","0","3","6","1","0","0","3","0","2","1","1","4","0","0","2","1","1","0","1","0","3","0","1","0","1","0","1","0","8","1","1","0","down"
"12","5","1","1","3","1","0","6","1","5","2","3","1","1","1","0","1","0","2","1","1","25","5","5","6","3","1","1","2","3","1","3","1","8","2","5","0","1","6","5","3","1","1","1","2","1","0","3","1","1","2","2","4","1","1","1","5","1","2","0","3","14","4","0","1","0","1","1","0","0","1","0","8","0","1","3","0","5","1","4","3","10","4","3","1","1","1","3","2","6","5","0","4","1","4","6","7","7","1","2","3","1","0","2","8","1","1","2","0","0","5","1","2","2","1","9","1","2","0","1","3","2","1","3","0","1","2","2","1","3","1","4","4","1","1","0","0","14","1","1","1","up"
"13","0","0","1","2","0","0","1","2","0","1","2","1","1","0","0","1","0","2","1","0","9","4","0","4","0","0","1","1","2","0","1","1","6","2","2","1","2","1","9","4","0","1","1","2","0","0","0","1","1","2","1","0","2","2","0","2","0","0","0","1","2","0","0","0","0","1","0","0","0","0","2","0","0","1","2","1","1","1","0","0","7","0","1","0","1","0","2","1","1","1","0","0","2","1","0","0","2","0","1","4","1","0","1","3","0","1","1","1","0","2","6","2","0","0","4","0","1","2","0","1","0","0","3","1","1","0","2","1","2","1","2","0","1","1","1","0","5","1","1","0","down"
"14","1","0","1","0","2","0","0","2","0","0","0","1","1","1","0","1","0","2","0","0","7","2","3","8","1","1","0","0","0","0","1","1","5","1","3","0","0","3","5","2","0","1","0","3","1","0","0","1","2","2","0","2","2","1","0","0","1","1","1","1","6","1","0","1","0","0","0","0","0","2","0","0","0","7","3","2","1","3","2","3","1","1","1","0","1","1","1","1","2","0","0","1","1","1","3","1","4","0","1","2","1","0","1","5","0","1","2","0","0","3","1","0","1","0","2","0","1","0","2","2","0","0","2","0","1","0","1","1","2","0","0","1","1","2","2","0","4","1","1","0","down"
"15","0","2","1","3","3","1","2","0","3","3","0","0","0","1","0","1","2","0","0","0","11","2","0","3","0","0","1","1","0","1","1","0","5","0","1","0","1","1","2","2","0","0","0","1","0","1","2","1","0","0","0","1","0","1","0","0","1","1","0","1","9","3","1","0","1","0","1","1","1","0","0","1","0","0","1","1","0","1","0","0","1","1","0","0","0","1","6","1","1","1","1","0","0","1","1","4","7","1","1","0","0","0","2","3","1","0","2","0","0","4","1","1","1","0","2","1","0","0","0","0","2","0","1","0","2","2","1","0","1","0","1","1","1","0","0","1","5","1","0","0","flat"
"16","3","1","1","1","0","1","1","0","3","4","0","0","0","1","1","0","2","0","1","0","11","4","1","6","0","0","0","1","0","0","0","0","3","5","5","0","0","4","3","3","0","0","1","1","0","0","4","1","0","0","1","1","0","2","0","1","1","1","1","2","9","2","1","0","1","0","1","0","1","0","1","2","1","1","1","1","0","0","2","0","3","4","1","0","0","2","4","1","2","0","1","0","0","2","0","7","6","1","1","2","1","1","4","2","1","0","0","2","0","2","2","2","2","1","2","1","1","0","0","2","3","0","4","0","1","1","2","0","4","0","1","0","1","0","0","1","6","1","0","0","up"
"17","1","1","1","2","0","2","0","0","0","2","1","0","0","1","1","1","0","2","0","0","9","6","0","2","0","0","0","1","0","1","3","1","7","0","2","1","1","9","7","1","1","1","1","5","1","1","1","1","2","1","0","0","0","1","1","0","1","1","2","2","12","3","1","1","1","0","1","1","1","0","0","5","1","1","1","1","1","2","0","1","6","2","3","2","1","3","3","2","6","0","1","2","1","3","1","5","3","1","1","1","0","1","3","8","2","1","4","0","2","4","1","1","2","0","0","1","1","1","1","2","2","1","1","1","1","1","2","2","2","0","0","1","1","0","1","1","8","1","0","0","up"
"18","0","0","0","0","0","0","0","0","0","0","0","1","1","0","0","0","0","2","0","0","2","2","0","1","0","0","0","0","0","0","0","0","1","2","0","0","1","0","2","2","0","0","0","0","0","0","0","1","0","2","0","0","0","0","0","0","0","0","2","0","0","0","0","0","0","0","0","0","0","1","0","0","0","0","0","0","0","0","0","0","3","0","0","0","0","1","0","1","0","0","0","0","1","0","1","0","1","0","0","0","0","1","0","0","0","0","1","0","0","0","1","1","0","0","0","0","0","0","0","0","0","0","0","0","1","0","0","0","0","0","0","0","1","1","0","0","0","0","0","0","down"
"19","0","2","1","2","2","1","2","1","3","3","0","0","0","1","0","1","2","0","0","1","12","2","0","2","0","0","1","1","0","1","2","0","4","0","1","0","0","1","2","2","0","0","0","1","1","1","2","1","0","1","0","1","0","1","0","0","1","2","1","1","9","3","1","0","1","0","1","1","1","0","0","1","0","0","1","1","0","1","0","0","1","1","0","0","0","0","7","2","1","1","1","0","0","1","1","4","8","1","1","0","0","0","3","3","1","0","3","0","0","3","1","1","2","0","2","1","0","0","1","0","3","0","1","0","2","2","2","0","1","0","1","1","1","0","0","1","5","1","0","0","flat"
"20","0","0","5","1","0","0","0","0","0","0","0","1","1","3","0","0","0","2","1","0","3","1","0","1","0","0","0","1","0","0","1","0","4","0","0","1","0","2","4","1","0","1","1","1","0","0","0","2","0","5","1","0","1","0","1","0","1","0","0","2","4","1","0","0","0","0","0","0","0","0","0","1","0","0","1","0","0","0","0","0","4","0","1","0","0","2","1","1","0","0","0","0","1","2","0","0","2","0","1","2","2","1","0","2","0","0","0","1","1","1","2","2","0","0","0","0","0","0","1","0","0","0","0","1","1","1","1","0","2","1","0","0","1","1","0","0","2","0","0","0","down"
"21","1","0","2","0","1","1","3","3","1","1","0","1","1","1","0","1","0","2","2","1","11","1","4","6","1","1","1","2","1","0","0","1","6","1","2","0","1","3","4","1","1","1","1","2","0","0","0","1","1","2","1","4","1","1","1","1","0","1","1","1","7","2","0","1","0","1","0","0","0","1","1","1","0","4","1","0","1","2","1","4","3","1","0","1","1","3","1","0","0","2","0","0","1","3","1","1","3","0","0","2","1","0","1","5","0","1","0","0","0","3","1","1","0","1","5","1","2","1","1","2","0","1","2","0","1","0","1","0","2","1","1","2","1","2","1","0","5","1","1","1","up"
"22","2","2","2","3","0","2","3","1","0","2","1","0","0","0","1","1","1","1","1","0","13","5","0","4","2","1","1","1","3","1","3","1","8","0","2","2","2","8","8","2","1","1","1","6","2","1","1","1","2","0","1","2","1","1","2","4","2","1","3","3","11","3","2","1","0","1","1","1","1","1","1","8","1","3","1","1","2","1","2","1","8","2","3","2","1","2","3","2","1","2","0","3","1","3","2","7","6","1","1","4","0","0","4","7","1","1","2","1","1","3","1","1","2","1","4","1","2","1","1","1","2","1","1","0","1","3","2","2","3","0","1","1","1","0","1","1","9","1","2","1","up"
"23","3","1","1","2","0","0","3","3","3","2","2","0","0","1","1","1","1","1","1","1","16","3","3","6","2","1","1","1","5","1","2","1","4","0","6","3","1","4","5","2","1","1","1","3","0","1","1","1","1","3","1","2","1","2","0","2","1","1","0","3","12","2","1","1","0","1","1","1","1","1","2","7","1","5","0","1","2","2","3","2","7","4","3","2","1","2","1","1","1","2","0","3","1","1","2","5","5","1","1","6","0","0","5","4","1","1","1","3","0","7","1","1","2","1","4","1","1","0","1","2","0","1","1","0","1","2","4","3","1","1","1","1","1","1","1","1","6","2","0","1","down"
"24","0","0","3","2","0","0","2","1","0","0","3","1","1","5","0","2","0","1","1","0","6","4","0","1","0","0","2","1","1","0","0","0","5","1","1","1","1","1","10","2","0","1","0","2","0","0","0","2","0","1","0","0","1","1","0","0","0","0","0","1","1","0","0","1","0","0","0","0","0","0","0","1","0","1","1","0","1","1","0","0","7","0","1","0","0","1","1","0","0","2","0","0","2","1","0","1","2","0","1","2","1","1","1","4","0","0","0","0","1","1","8","0","0","0","3","0","1","1","1","0","0","0","3","2","1","1","1","1","0","1","1","0","0","0","1","0","5","0","1","0","down"
"25","1","1","1","3","0","2","0","0","0","2","2","0","0","1","1","1","1","1","1","0","11","6","0","2","0","0","0","1","1","1","3","1","7","1","2","1","2","9","7","1","1","1","1","5","1","1","1","1","2","1","0","0","0","1","1","0","1","1","1","2","12","3","1","1","1","1","1","1","0","0","0","5","1","1","2","1","1","2","1","1","6","2","4","2","1","3","3","2","3","0","1","2","1","2","1","6","4","0","1","3","0","0","3","7","1","1","2","0","2","5","1","1","2","0","0","1","1","1","1","2","2","1","1","1","1","1","2","4","2","0","0","1","1","0","1","1","11","1","2","1","up"
"26","0","0","1","0","0","2","0","0","0","0","0","1","1","1","0","0","0","2","0","0","2","0","0","1","0","0","0","1","0","0","0","0","1","1","0","0","1","1","3","0","0","1","0","1","1","0","0","1","0","1","0","0","1","0","0","0","0","1","0","1","4","0","0","0","0","0","0","0","0","0","1","0","0","1","2","0","0","0","0","0","1","0","0","0","0","3","1","0","0","0","0","0","1","1","1","0","3","0","1","0","0","1","0","1","1","0","1","0","0","1","1","1","0","1","0","0","0","0","0","0","0","0","0","1","1","0","1","0","1","1","0","0","1","0","0","0","2","1","0","0","flat"
"27","0","0","3","0","0","0","0","0","0","0","0","1","1","4","0","0","0","2","0","0","4","0","0","0","0","0","0","1","0","0","0","0","2","0","0","3","0","1","4","0","0","1","0","1","0","1","0","2","1","3","1","1","1","0","0","0","0","1","3","0","4","1","0","0","0","1","0","0","0","1","0","1","0","0","1","0","0","0","0","0","2","0","0","0","0","1","1","0","0","0","0","0","1","1","1","1","2","0","0","2","0","1","0","3","0","0","0","1","1","1","2","1","0","0","0","0","0","0","0","0","0","0","1","1","1","1","1","0","1","1","0","0","1","0","0","0","2","0","1","0","down"
"28","2","1","1","2","0","2","3","1","0","2","2","0","0","1","1","1","1","1","0","1","11","6","0","2","1","1","1","1","3","1","1","1","7","0","2","2","2","9","8","3","1","1","1","6","1","1","1","1","2","0","1","2","0","1","1","0","1","1","2","3","11","3","1","1","1","1","1","1","0","0","1","6","1","3","1","1","2","1","2","1","7","2","3","1","1","3","3","2","1","2","1","2","1","2","2","6","5","1","1","4","0","0","3","7","1","1","2","1","1","3","1","1","1","0","4","1","3","1","1","1","2","1","1","0","1","1","2","1","2","0","1","1","1","0","1","1","8","1","1","1","up"
"29","0","0","2","0","1","0","0","0","0","0","0","1","1","0","0","0","0","2","0","0","2","0","0","0","0","0","0","1","0","0","0","0","1","1","0","1","1","1","4","0","0","1","0","2","0","0","0","1","0","2","0","0","1","0","1","0","0","1","1","0","6","0","0","0","0","1","0","0","0","1","1","0","0","1","2","0","0","0","0","0","2","0","0","0","0","2","2","0","0","0","0","0","1","1","0","0","2","0","2","1","0","1","0","2","0","0","0","2","0","1","1","2","0","0","0","0","0","0","0","0","0","0","0","1","1","0","2","0","2","1","0","0","1","1","0","0","1","1","1","1","flat"
"30","0","0","1","0","0","1","0","2","0","0","0","1","1","1","0","1","0","2","2","0","9","2","4","5","1","1","0","1","0","0","1","1","5","0","4","0","1","2","4","1","0","1","2","2","0","0","0","1","1","2","2","2","2","1","0","1","1","2","0","0","7","2","0","1","0","1","0","0","0","1","0","1","0","5","1","1","2","3","2","4","2","2","2","0","1","0","1","1","0","0","0","1","1","1","2","1","3","0","0","4","1","0","1","5","0","1","0","0","1","3","1","0","1","1","4","1","1","1","2","3","0","1","1","0","1","0","1","0","2","1","1","2","1","1","1","0","5","1","1","1","flat"
"31","0","1","1","1","2","1","2","1","3","2","1","0","0","1","1","0","2","0","0","0","9","1","0","2","0","0","1","1","0","0","0","0","3","0","1","1","0","1","3","1","0","0","0","1","0","1","2","1","0","1","0","1","0","0","0","0","1","1","1","1","7","2","1","0","2","0","1","1","1","0","0","1","1","0","0","1","0","1","0","0","1","1","0","0","0","0","3","1","1","1","1","0","0","1","0","3","3","1","2","2","0","0","3","3","1","0","2","1","2","2","2","1","1","0","2","1","0","1","1","0","2","0","1","0","1","1","2","0","0","0","1","1","1","0","0","1","4","1","0","0","flat"
"32","0","1","1","2","0","1","0","0","2","3","0","0","0","1","1","1","2","0","0","0","7","3","0","1","1","0","0","1","0","1","1","0","4","0","2","1","0","3","5","1","1","0","1","3","1","1","0","1","0","0","0","0","0","1","0","0","2","1","0","2","9","3","1","1","1","0","1","1","1","1","0","3","1","0","0","0","1","2","1","1","4","2","3","0","1","2","2","1","1","0","1","3","1","1","1","4","2","1","2","1","0","1","4","4","1","1","1","0","1","4","1","0","1","0","0","1","1","1","1","1","1","1","1","1","1","1","3","0","1","0","0","1","1","0","0","1","3","1","0","0","up"
"33","2","1","1","2","0","1","1","0","3","2","0","0","0","1","1","0","2","0","0","0","9","3","0","7","0","0","0","2","1","0","0","0","4","3","3","0","0","3","4","3","0","0","1","2","0","2","2","1","0","0","0","2","0","2","0","1","2","1","1","1","6","2","1","0","1","0","1","1","1","0","1","2","1","1","0","1","0","0","0","0","3","1","1","0","0","0","3","1","5","0","1","0","0","2","1","3","4","1","1","0","0","0","3","4","1","0","3","1","1","2","2","2","1","1","3","1","0","0","0","0","2","0","4","0","1","1","2","0","0","0","1","1","1","1","0","1","5","1","0","0","up"
"34","0","0","1","1","0","0","0","0","1","0","0","0","0","1","1","0","2","0","0","1","2","0","0","0","0","0","0","1","0","0","1","0","2","1","1","0","0","0","3","0","0","0","0","1","0","0","1","1","0","0","0","0","0","0","1","0","0","0","0","0","0","0","0","0","1","0","1","0","1","0","0","0","1","0","0","0","0","0","0","0","1","1","0","0","0","0","1","1","0","0","1","0","1","1","0","1","1","1","0","1","0","1","1","1","0","0","0","0","0","1","1","2","0","0","0","0","0","0","0","1","0","0","2","0","1","0","1","0","0","1","0","0","1","0","0","0","1","1","0","0","down"
"35","2","1","1","2","0","2","3","1","0","2","1","0","0","1","1","1","1","1","1","2","11","6","0","5","0","0","1","1","2","1","2","1","7","0","2","1","1","8","8","3","1","1","1","6","1","1","1","1","2","3","1","2","0","1","1","0","1","1","1","3","12","3","1","1","1","1","1","1","0","0","1","5","1","3","2","1","2","1","3","1","6","2","4","1","1","1","3","2","2","2","1","2","1","2","1","6","5","0","1","2","0","0","3","7","1","1","2","0","2","4","1","1","3","0","4","1","1","1","1","2","2","1","1","1","1","1","2","1","2","0","1","1","1","0","1","1","9","1","0","1","down"
"36","2","1","1","2","0","2","2","0","4","3","0","0","0","1","1","0","2","0","1","0","11","4","1","7","0","0","0","2","1","0","1","0","5","4","5","0","0","3","4","3","0","0","1","1","0","2","2","1","0","0","0","2","0","2","0","2","2","1","1","1","7","2","1","0","1","0","1","1","1","1","1","3","1","2","1","1","0","0","1","0","4","3","1","0","0","0","3","1","6","1","1","0","0","3","3","3","5","1","1","1","1","1","4","3","1","0","2","1","1","2","3","2","1","1","5","1","0","0","0","1","2","0","6","0","1","1","2","0","2","0","2","1","1","0","1","1","6","1","0","0","up"
"37","4","1","1","3","0","0","6","2","5","4","2","0","0","1","1","1","1","1","1","1","25","7","4","4","6","1","1","2","1","1","2","1","8","1","7","0","1","5","6","3","1","1","1","4","1","0","3","1","0","2","2","4","1","1","2","5","1","2","0","5","14","4","0","1","0","1","1","0","0","3","1","11","1","3","4","1","5","0","5","3","12","5","3","0","1","2","2","1","5","5","0","4","1","4","6","5","7","1","2","3","1","0","5","7","1","1","0","1","0","6","1","1","3","1","9","1","2","0","1","3","1","1","4","0","1","2","4","0","5","1","4","1","1","2","1","1","12","1","0","1","up"
"38","0","1","1","2","0","1","0","0","0","2","0","0","0","1","1","1","0","2","0","0","6","4","1","2","0","0","0","1","1","1","0","0","4","0","2","1","0","5","5","1","1","1","1","3","1","1","0","1","1","1","0","0","0","1","0","0","1","0","1","3","8","2","1","1","1","0","1","1","1","0","0","4","1","0","0","0","1","0","1","1","5","2","1","1","1","1","1","0","2","0","1","3","1","1","1","3","1","1","1","1","0","1","4","5","1","1","1","0","1","1","1","1","0","0","0","1","1","1","1","1","0","1","0","1","1","1","3","1","1","0","0","1","1","0","0","1","3","1","1","0","up"
"39","0","0","2","0","0","0","0","2","0","0","1","1","1","1","0","1","0","2","0","0","4","2","0","6","0","1","0","0","1","0","2","1","6","0","2","1","0","3","5","3","0","1","0","3","1","0","0","1","2","2","0","0","2","1","1","1","1","1","2","0","5","1","0","1","0","0","0","0","0","0","0","1","0","4","3","1","1","3","1","0","2","0","0","0","1","1","1","1","2","0","0","0","1","1","1","1","3","0","1","3","1","0","1","5","0","1","2","1","0","3","1","1","0","0","0","0","1","0","2","3","0","0","1","0","1","0","1","0","2","0","0","1","1","2","2","0","3","1","0","0","flat"
"40","0","2","1","3","2","1","2","0","3","3","0","0","0","1","0","1","2","0","0","1","11","2","0","2","0","0","1","1","0","1","1","0","5","0","1","0","1","1","2","2","0","0","0","1","0","1","2","1","0","0","0","1","0","1","0","0","1","2","0","0","9","3","1","0","1","0","1","1","1","0","0","1","0","0","1","1","0","1","0","0","1","1","0","0","0","0","6","2","1","1","1","0","0","1","1","4","7","1","1","0","0","0","2","3","1","0","1","0","0","4","1","1","1","0","2","1","0","0","0","0","2","0","1","0","2","2","1","0","1","0","1","1","1","0","0","1","5","1","0","0","up"
"41","1","1","1","3","0","2","0","0","0","2","2","0","0","1","1","1","1","1","1","0","9","6","0","3","0","0","0","1","2","1","3","1","7","1","4","1","2","9","7","1","1","1","1","5","1","0","1","1","2","1","0","0","0","1","2","0","1","1","1","2","14","3","1","1","1","1","1","0","0","0","0","5","1","1","1","1","1","1","1","1","6","2","4","2","1","2","3","2","2","0","1","2","1","2","1","6","3","1","1","2","0","1","3","8","1","1","1","0","2","5","1","1","2","0","0","1","1","1","1","2","2","1","1","1","1","1","2","4","2","0","0","1","1","0","1","1","9","1","1","1","up"
"42","3","1","1","3","0","0","3","3","1","3","2","0","0","1","1","1","1","1","1","1","15","4","3","5","5","1","1","1","5","1","1","1","4","0","6","3","2","6","5","2","1","1","1","3","0","1","1","1","1","0","1","2","1","2","1","2","1","1","2","4","11","3","1","1","0","1","1","1","1","2","2","7","1","4","2","1","2","0","3","1","7","4","3","1","1","2","2","1","1","2","0","3","1","1","1","3","5","1","1","4","0","0","6","3","1","1","2","1","0","3","1","1","1","1","4","1","1","0","1","1","1","1","1","0","1","2","5","2","1","1","1","1","1","1","1","1","4","2","0","1","up"
"43","0","0","1","0","0","1","0","2","0","0","0","1","1","1","0","1","0","2","2","1","10","2","4","7","2","1","0","1","0","0","1","1","5","0","3","1","2","4","4","1","0","1","2","2","0","0","0","1","2","0","2","2","1","1","1","1","1","1","1","0","10","2","0","2","0","1","0","0","0","1","0","1","0","5","1","1","2","3","2","4","2","2","2","0","1","0","1","1","0","0","0","0","1","1","2","1","3","0","1","6","1","0","1","4","0","1","2","0","1","2","1","0","1","1","4","1","2","1","1","3","0","1","1","0","1","0","1","0","2","1","1","1","1","1","1","0","6","1","0","1","up"
"44","1","1","1","2","0","2","0","0","0","2","1","0","0","1","1","1","1","1","0","0","9","6","0","2","0","0","0","1","0","1","3","1","6","0","3","1","1","9","7","1","1","1","1","5","1","1","1","1","2","0","0","0","0","1","1","0","1","1","2","2","12","3","1","1","1","1","1","0","1","0","0","5","1","1","1","1","1","2","1","1","6","2","3","1","1","1","3","2","2","0","1","2","1","2","1","5","3","1","1","1","0","1","3","7","1","1","1","0","2","4","1","1","2","0","0","1","1","1","1","2","2","1","1","1","1","1","2","1","2","0","0","1","1","0","1","1","8","1","1","1","up"
"45","0","1","2","1","2","1","2","1","4","2","0","0","0","1","1","0","2","0","0","0","8","1","0","2","0","0","1","1","1","0","0","0","4","1","2","1","0","3","3","1","0","0","0","2","0","1","2","1","0","0","0","1","0","0","0","0","1","1","1","1","6","2","1","0","1","0","1","1","1","0","0","2","1","0","1","1","0","0","0","0","2","1","0","0","0","0","4","1","1","1","1","1","0","1","0","4","4","1","2","2","0","0","4","4","1","0","1","1","2","2","1","1","1","0","2","1","0","0","0","0","3","0","1","0","1","1","3","1","0","0","1","1","1","2","0","1","3","1","0","0","up"
"46","1","1","1","2","0","2","3","1","0","2","2","0","0","1","1","1","1","1","1","0","12","6","0","3","0","0","1","1","2","1","3","1","6","1","2","1","2","10","7","1","1","1","1","5","1","1","1","1","2","0","0","1","0","1","1","0","1","1","1","2","11","3","1","1","1","1","1","1","0","0","0","5","1","1","1","1","1","1","2","1","6","2","4","1","1","2","3","2","2","2","1","2","1","2","1","6","5","0","1","2","0","0","3","6","1","1","0","0","3","4","1","1","2","0","3","1","2","1","1","2","2","1","1","1","1","1","2","2","3","0","1","1","1","0","1","1","8","1","2","1","up"
"47","0","2","1","2","1","1","2","1","3","2","1","0","0","1","1","0","2","0","0","0","11","1","0","2","0","0","1","1","0","1","1","0","5","0","1","1","0","1","3","2","0","0","0","1","1","1","2","1","0","1","0","1","0","0","0","0","1","1","2","1","9","2","1","0","2","0","1","1","1","0","0","1","1","0","0","1","0","1","0","0","1","1","0","0","0","0","6","1","1","1","1","0","0","1","1","4","6","1","2","2","0","0","4","3","1","0","2","1","2","2","2","1","1","0","2","1","0","1","1","0","3","0","1","0","1","2","3","0","1","0","1","1","1","0","0","1","5","1","0","0","flat"
"48","3","1","2","4","0","0","3","3","3","2","3","0","0","1","1","1","1","1","1","1","16","3","3","6","2","1","1","1","3","1","4","1","6","0","5","2","2","4","6","3","1","1","1","4","0","1","1","1","1","0","1","2","1","1","1","4","1","0","1","3","13","2","1","1","0","1","1","1","1","1","2","8","1","5","1","1","2","1","3","2","8","4","3","2","1","3","1","2","0","2","0","3","1","1","2","5","5","1","2","5","0","0","5","4","1","1","2","1","0","3","1","1","2","1","4","1","2","0","1","2","0","1","1","0","1","2","5","4","1","1","1","1","1","2","1","1","6","2","1","1","up"
"49","0","1","1","1","2","1","2","1","3","2","1","0","0","1","1","0","2","0","0","0","9","1","0","2","0","0","1","1","0","0","0","0","3","0","1","1","0","1","3","1","0","0","0","1","0","1","2","1","0","0","0","1","0","0","0","0","1","1","1","1","7","2","1","0","2","0","1","1","1","0","0","1","1","0","0","1","0","1","0","0","1","1","0","0","0","0","3","1","1","1","1","0","0","1","0","3","3","1","2","2","0","0","3","3","1","0","2","1","2","2","2","1","1","0","2","1","0","1","1","0","2","0","1","0","1","1","2","0","0","0","1","1","1","0","0","1","4","1","0","0","down"
"50","6","1","3","2","2","1","5","2","4","2","1","1","1","1","0","1","0","2","1","1","22","5","5","7","1","1","1","4","1","1","2","1","10","2","4","1","1","6","5","4","1","1","1","2","1","0","2","1","1","2","2","1","1","1","1","4","1","2","2","2","12","4","0","1","0","1","1","0","0","2","1","6","0","2","1","0","4","1","3","3","8","3","1","1","1","2","4","1","4","4","0","4","1","3","7","5","8","1","2","4","1","0","2","7","1","1","2","0","0","5","1","3","1","1","6","1","3","0","1","3","2","1","3","1","1","2","1","1","3","1","3","3","1","2","0","0","12","1","2","1","up"
"51","2","1","1","2","0","2","3","1","0","2","1","0","0","1","1","1","1","1","0","1","11","4","0","3","2","1","1","1","5","1","1","1","6","0","2","3","1","8","8","3","1","1","1","6","1","1","1","1","2","2","1","2","1","1","1","3","1","1","1","4","10","3","1","1","1","1","1","1","0","0","1","5","1","3","1","1","2","1","3","1","6","2","3","1","1","1","3","2","0","2","1","2","1","1","2","6","5","1","1","5","0","0","3","7","1","1","1","1","1","3","1","0","2","1","4","1","2","1","1","1","2","1","1","0","1","1","2","2","2","0","1","1","1","0","1","1","8","1","1","1","up"
"52","3","1","1","3","0","0","3","3","3","2","3","0","0","1","1","1","1","1","1","1","16","3","3","5","2","1","1","1","2","1","2","1","4","0","5","3","2","4","5","2","1","1","1","3","0","1","1","1","1","1","1","2","1","1","1","3","1","0","0","3","12","2","1","1","0","1","1","1","1","1","2","7","1","5","0","1","2","2","3","2","7","4","3","2","1","3","1","1","0","2","0","3","1","1","2","5","5","1","1","6","0","0","5","4","1","1","1","1","0","5","1","1","2","1","4","1","1","0","1","3","0","1","1","0","1","2","4","3","1","1","1","1","1","1","1","1","6","2","0","1","up"
"53","3","1","1","2","1","1","1","0","3","3","0","0","0","1","1","0","2","0","1","0","10","4","1","3","0","0","0","1","1","0","0","0","5","3","6","0","0","4","4","3","0","0","1","1","0","0","3","1","0","0","1","2","0","2","0","0","2","1","1","0","10","2","1","0","1","0","1","0","1","0","1","2","1","1","0","1","0","0","2","0","3","4","1","0","0","3","4","1","3","0","1","0","0","1","1","7","5","1","1","4","1","1","4","2","1","0","1","1","0","2","3","2","2","1","2","1","0","0","0","2","3","0","3","0","1","1","2","0","4","0","1","0","1","0","0","1","6","1","0","0","up"
"54","0","0","0","0","0","0","0","0","0","0","0","0","0","0","0","0","0","0","0","1","1","0","0","0","1","0","0","0","0","0","0","0","0","0","0","0","0","0","5","1","0","0","0","2","0","0","0","1","0","0","0","0","0","0","0","0","0","0","0","0","0","0","0","0","0","0","0","0","0","0","0","0","0","0","0","0","0","0","0","0","4","0","0","0","0","0","0","0","0","0","0","0","2","0","0","1","0","0","0","0","1","0","0","2","0","0","0","0","0","0","4","0","0","0","0","0","0","0","0","0","0","0","0","0","1","0","1","0","0","0","0","0","0","0","0","0","1","0","0","0","flat"
"55","0","2","1","1","1","1","2","1","3","2","0","0","0","1","1","0","2","0","0","0","11","1","0","2","0","0","1","1","0","1","1","0","4","0","1","0","0","1","2","2","0","0","0","1","1","1","2","1","0","1","0","1","0","0","0","0","1","1","2","1","8","2","1","0","1","0","1","1","1","0","0","1","1","0","0","1","0","1","0","0","1","1","0","0","0","0","6","1","1","1","1","0","0","1","0","4","6","1","1","0","0","0","4","3","1","0","2","0","0","2","1","1","1","0","2","1","0","0","1","0","3","0","1","0","1","2","3","0","1","0","1","1","1","0","0","1","5","1","0","0","flat"
"56","0","0","2","0","1","0","0","0","0","0","1","1","1","0","0","0","0","2","0","0","2","0","0","0","0","0","0","1","0","0","0","0","1","1","0","1","1","1","4","0","0","1","0","2","0","0","0","1","0","2","0","0","1","0","1","0","0","1","1","1","6","0","0","0","0","1","0","0","0","1","1","0","0","1","2","0","0","0","0","0","2","0","0","0","0","2","2","0","0","0","0","0","1","1","1","0","2","0","2","1","0","1","0","2","0","0","1","2","0","1","1","2","0","0","0","0","0","0","0","0","0","0","0","1","1","0","2","0","2","1","0","0","1","1","0","0","1","1","1","1","down"
"57","0","0","1","1","0","0","0","0","0","0","0","1","1","0","0","0","0","2","1","0","3","1","0","3","0","0","0","1","0","0","1","0","4","0","0","2","1","3","4","2","0","1","1","2","0","0","0","1","0","4","1","0","1","1","2","0","0","0","2","2","5","1","0","0","0","0","0","0","0","0","1","1","0","0","1","0","0","0","0","0","4","0","1","0","0","2","2","1","0","0","0","0","1","1","0","0","2","0","0","3","2","1","0","2","0","0","0","1","0","3","1","2","0","0","0","0","0","0","0","0","0","0","0","1","1","0","2","0","0","1","0","0","1","1","0","0","2","0","1","0","up"
"58","0","0","2","1","0","0","0","2","0","0","0","1","1","1","0","1","0","2","0","3","4","2","0","6","0","1","0","0","1","0","1","1","6","0","2","0","0","3","6","4","0","1","0","3","1","0","0","1","1","3","0","0","2","1","1","2","1","1","1","0","4","1","0","1","0","0","0","0","0","0","0","1","0","4","3","2","1","3","1","0","5","0","0","0","1","1","1","1","0","1","0","0","1","1","1","1","3","0","1","2","1","0","1","5","0","1","1","0","0","5","2","1","1","0","2","0","1","0","2","3","0","0","2","0","1","0","1","1","2","0","0","1","1","2","2","0","3","1","0","0","flat"
"59","0","1","3","2","0","1","0","0","1","3","0","0","0","1","1","1","2","0","1","0","7","3","0","1","0","0","0","1","0","1","1","0","5","0","2","1","0","3","5","1","1","0","1","3","1","1","0","1","0","0","0","0","0","1","0","0","1","1","0","2","9","3","1","1","1","0","1","1","1","0","0","3","1","0","1","0","1","2","1","1","4","2","3","0","1","1","1","1","2","0","1","3","1","3","1","5","1","1","2","1","0","1","5","4","1","1","1","0","1","5","1","0","1","0","0","1","1","1","1","1","0","1","1","1","1","1","4","0","1","0","0","1","1","1","0","1","3","1","0","0","flat"
"60","5","1","2","2","1","0","6","1","5","2","2","1","1","1","0","1","0","2","1","1","25","6","5","4","3","1","1","2","3","1","3","1","9","2","5","0","1","6","5","3","1","1","1","2","1","0","3","1","1","3","2","4","1","1","1","5","1","3","0","3","15","4","0","1","0","1","1","0","0","1","0","8","0","1","4","0","5","1","4","3","10","4","2","1","1","1","3","2","6","5","0","4","1","4","7","7","8","1","2","3","1","0","2","11","1","1","2","0","0","5","1","2","2","1","9","1","2","0","1","3","2","1","3","1","1","2","3","1","3","1","4","5","1","2","0","0","14","1","1","1","up"
"61","0","0","1","0","0","1","0","0","0","0","0","1","1","0","0","1","0","2","0","0","2","1","0","1","0","0","0","1","0","0","0","0","1","1","1","0","1","1","3","1","0","1","0","1","1","0","0","1","0","4","0","0","1","1","1","1","0","2","1","0","4","0","0","0","0","0","0","0","0","0","1","0","0","1","1","0","0","0","0","0","2","0","0","0","0","4","1","0","1","0","0","0","1","1","1","0","3","0","1","0","0","1","0","1","0","0","2","0","0","1","1","2","0","0","0","0","0","0","0","0","0","0","1","2","1","0","1","0","0","1","0","0","1","0","0","0","2","1","1","0","up"
"62","6","1","3","2","2","1","5","2","4","2","1","1","1","1","0","1","0","2","1","1","22","6","5","6","1","1","1","4","1","1","2","1","10","3","4","1","1","6","5","5","1","1","1","2","1","0","2","1","1","2","2","1","1","1","1","5","1","2","2","2","12","4","0","1","0","1","1","0","0","2","1","7","0","2","1","0","4","1","3","3","9","3","1","1","1","2","4","1","5","4","0","4","1","3","8","5","8","1","2","4","1","0","2","8","1","1","3","0","0","5","1","3","1","1","6","1","3","0","1","3","2","1","3","2","1","2","1","1","3","1","3","3","1","2","0","0","12","1","2","1","up"
"63","7","1","3","1","2","0","5","2","6","0","2","1","1","1","0","1","0","2","1","1","18","3","4","6","1","1","1","3","1","2","2","1","9","1","4","0","1","5","4","4","1","1","1","2","1","0","2","1","1","2","2","1","1","1","0","2","1","1","3","1","12","3","0","1","0","1","1","0","0","1","1","5","0","2","1","0","4","1","4","3","7","3","1","1","1","0","4","1","4","4","0","4","1","3","6","5","9","1","2","3","0","0","2","8","1","1","2","1","0","4","1","3","1","1","6","1","2","1","1","3","2","1","3","0","1","2","1","1","3","1","3","3","1","2","0","0","10","1","2","1","up"
"64","0","1","2","2","3","1","2","1","3","2","1","0","0","1","1","0","2","0","0","0","9","1","0","2","0","0","1","1","0","0","0","0","4","0","1","1","0","1","4","1","0","0","0","2","0","1","2","1","0","0","0","1","0","0","0","0","1","1","1","0","6","2","1","0","2","0","1","1","1","0","0","1","1","0","1","1","0","1","0","0","1","1","0","0","0","0","3","1","1","1","1","0","0","1","0","5","3","1","1","2","0","0","4","4","1","0","1","1","2","2","2","1","1","0","2","1","0","1","0","0","2","0","1","0","1","1","3","0","0","0","1","1","1","2","0","1","4","1","0","0","up"
"65","0","0","1","0","0","2","0","0","0","0","0","1","1","0","0","0","0","2","0","0","2","0","0","0","0","0","0","1","0","0","0","0","2","1","0","0","1","1","3","0","0","1","0","1","1","0","0","1","0","2","0","0","1","0","0","0","0","1","0","0","4","1","0","0","0","0","0","0","0","0","1","0","0","1","2","0","0","0","0","0","1","0","0","0","0","3","1","0","0","0","0","0","1","1","1","1","3","0","2","0","0","1","0","1","0","0","0","0","0","2","1","1","0","1","0","0","0","0","0","0","0","0","0","1","1","0","1","0","1","1","0","0","1","1","0","0","2","1","1","0","down"
"66","5","1","3","1","2","0","6","2","5","0","1","1","1","1","0","1","0","2","0","1","15","4","4","7","1","1","1","2","1","2","2","1","6","0","5","1","1","4","5","4","1","1","1","3","0","0","2","1","0","2","2","2","1","1","0","4","1","1","0","1","9","3","0","1","0","1","1","0","1","0","1","3","0","0","2","0","4","2","3","2","6","3","1","1","1","1","3","1","4","5","0","2","1","2","4","5","7","1","2","4","0","0","3","7","1","1","1","1","0","5","1","1","2","1","9","1","2","1","1","3","2","1","3","1","1","2","1","1","2","0","5","2","1","2","0","0","12","2","2","1","up"
"67","0","1","1","2","0","1","0","0","0","2","0","0","0","1","1","1","0","2","0","0","6","4","1","1","0","0","0","1","0","1","0","0","4","0","2","1","0","5","5","1","1","1","1","3","1","1","0","1","1","0","0","0","0","1","0","0","1","0","1","3","8","2","1","1","1","0","1","1","1","0","0","4","1","0","0","0","1","1","0","1","5","2","1","1","1","0","1","0","2","0","1","3","1","1","0","3","1","1","1","1","0","1","4","5","1","1","1","0","1","1","1","1","0","0","0","1","1","1","1","1","0","1","0","1","1","1","3","1","1","0","0","1","1","0","0","1","3","1","0","0","up"
"68","3","1","1","2","0","0","3","3","3","2","2","0","0","1","1","1","1","1","1","1","18","4","4","5","2","1","1","2","4","1","2","1","4","0","5","3","1","4","6","2","1","2","1","4","0","1","1","1","1","2","1","2","1","2","0","3","1","0","2","4","12","2","1","1","0","1","1","1","1","2","2","8","1","5","0","1","2","2","3","2","8","4","3","2","1","3","1","1","0","2","0","3","1","1","1","5","5","1","1","5","0","0","7","5","1","1","1","1","0","6","1","1","1","1","4","1","1","0","1","2","0","1","1","0","1","2","6","3","2","1","1","1","1","1","1","1","6","2","0","1","flat"
"69","1","0","2","0","0","1","3","3","1","0","0","1","1","1","0","1","0","2","0","0","11","2","4","3","1","1","1","2","1","0","0","1","6","1","1","0","1","3","5","1","1","1","1","3","0","0","0","1","1","3","1","4","1","1","0","1","0","0","0","1","5","1","0","1","0","1","0","0","1","1","1","1","0","5","2","0","1","3","2","4","3","1","0","1","1","1","2","0","1","2","0","0","1","2","0","1","2","0","0","2","1","0","1","6","0","1","1","0","0","3","1","1","1","1","5","1","1","1","1","2","1","1","1","0","1","0","1","0","2","1","1","2","1","1","2","0","3","2","0","1","up"
"70","3","1","1","2","1","1","1","0","3","3","0","0","0","1","1","0","2","0","0","0","10","4","1","4","0","0","0","1","1","0","0","0","5","3","6","0","0","4","4","3","0","0","1","1","0","0","3","1","0","0","1","2","0","2","0","0","1","1","1","0","10","2","1","0","1","0","1","0","1","0","1","2","1","2","0","1","1","0","2","0","3","4","1","1","0","2","4","1","2","1","1","0","0","2","0","7","5","1","1","4","1","1","4","2","1","0","0","1","0","3","3","2","2","0","2","1","0","0","0","2","3","0","3","0","1","1","2","1","4","0","1","0","1","0","0","1","7","1","1","0","down"
"71","2","1","2","2","1","2","3","1","0","2","1","0","0","1","1","1","1","1","0","1","11","5","0","3","2","1","1","1","3","1","1","1","6","0","2","3","1","8","9","3","1","1","1","7","1","1","1","1","2","2","1","2","1","2","1","3","2","2","1","5","10","3","1","1","1","1","1","1","0","0","1","6","1","3","1","1","2","2","3","1","7","2","3","1","1","2","3","2","0","2","1","2","1","1","1","6","5","1","1","5","0","0","5","8","1","1","2","1","1","5","1","0","2","1","4","1","2","1","1","1","2","1","1","0","1","1","3","2","2","0","1","0","1","1","1","1","8","1","1","1","down"
"72","3","1","1","2","1","1","1","0","3","3","0","0","0","1","1","0","2","0","1","0","10","4","1","4","0","0","0","1","0","0","0","0","5","3","6","0","0","4","4","3","0","0","1","1","0","0","3","1","0","0","1","1","0","2","0","0","2","1","1","1","10","2","1","0","1","0","1","0","1","0","1","2","1","1","0","1","0","0","2","0","3","4","1","0","0","3","4","1","2","0","1","0","0","1","1","8","5","1","1","2","1","1","4","2","1","0","1","1","0","3","3","2","3","1","2","1","0","0","0","2","3","0","3","0","1","1","2","0","4","0","1","0","1","0","0","1","6","1","0","0","up"
"73","0","0","1","0","0","1","0","2","0","0","0","1","1","1","0","1","0","2","2","1","13","0","4","5","0","1","0","1","1","0","1","1","4","0","2","2","0","2","4","1","0","1","2","2","0","0","0","1","1","0","1","2","1","1","3","0","1","0","1","2","7","1","0","2","0","1","0","0","0","1","1","1","0","4","2","0","2","2","1","3","2","2","0","1","1","1","1","1","2","0","0","0","1","2","3","0","2","0","0","5","1","0","1","5","0","1","4","2","0","2","1","0","0","1","3","1","1","1","2","1","0","1","0","0","1","0","1","0","1","1","1","2","1","1","1","0","7","1","0","1","flat"
"74","0","0","1","1","0","0","0","0","0","0","0","1","1","0","0","0","0","2","1","0","4","1","0","1","0","0","0","1","0","0","1","0","4","0","0","2","1","2","4","2","0","1","1","2","0","0","0","1","0","4","1","0","1","0","1","0","0","0","2","1","4","0","0","0","0","0","0","0","0","0","1","1","0","0","1","0","0","0","0","0","4","0","1","0","0","2","2","1","0","0","0","0","1","1","0","0","2","0","0","3","2","1","0","2","0","0","0","1","0","3","1","2","0","0","0","0","0","0","1","0","0","0","0","1","1","0","2","0","1","1","0","0","1","1","0","0","2","0","2","0","up"
"75","2","1","2","2","0","2","3","1","0","2","2","0","0","1","1","1","1","1","0","1","12","5","0","4","1","1","1","2","2","1","1","1","7","0","2","2","1","8","10","3","1","1","1","8","1","1","1","1","2","1","1","2","0","1","1","1","1","1","3","3","10","3","1","1","1","1","1","1","0","1","1","5","1","3","1","1","2","1","3","1","6","2","3","1","1","2","3","2","1","2","1","3","1","2","2","6","5","1","1","4","0","0","4","9","1","1","2","1","1","4","1","1","1","0","4","1","2","1","1","1","2","1","1","0","1","1","3","1","3","0","1","1","1","1","1","1","8","1","2","1","flat"
"76","3","1","1","3","1","0","3","3","3","2","3","0","0","1","1","1","1","1","1","1","16","3","3","6","2","1","1","1","3","1","2","1","4","0","5","2","2","4","5","2","1","1","1","3","0","1","1","1","1","1","1","2","1","1","1","4","1","0","0","4","12","2","1","1","0","1","1","1","1","1","2","8","1","5","0","1","2","2","3","2","8","4","3","2","1","3","1","1","1","2","0","3","1","1","1","5","5","1","1","5","0","0","5","3","1","1","2","1","0","4","1","1","2","1","4","1","2","0","1","2","0","1","1","0","1","2","4","3","1","1","1","1","1","1","1","1","6","2","1","1","up"
"77","0","0","2","2","0","0","2","5","0","0","0","1","1","2","0","1","0","2","1","1","7","4","1","6","0","1","1","0","0","0","0","1","7","0","0","0","1","4","10","5","1","1","0","4","0","0","0","2","2","4","0","0","3","1","0","3","2","1","0","0","4","1","0","1","0","1","0","0","0","0","0","2","0","2","3","0","1","2","1","0","12","0","0","0","1","1","2","0","1","2","0","0","1","1","2","1","2","0","1","1","1","0","1","4","0","1","1","0","0","5","5","0","0","1","5","0","1","0","1","3","0","0","3","0","1","0","1","3","3","0","0","0","1","1","1","0","8","1","0","1","up"
"78","1","1","1","2","0","2","0","0","0","2","0","0","0","1","1","1","0","2","0","1","8","6","0","2","0","0","0","1","0","1","2","1","6","0","2","1","1","9","7","1","1","1","1","5","1","1","1","1","2","1","0","0","0","1","1","0","1","1","1","2","11","3","1","1","1","0","1","1","1","0","0","5","1","1","1","1","1","2","1","1","6","2","3","2","1","3","3","1","3","0","1","2","1","2","2","5","3","1","1","1","0","1","3","7","1","1","2","0","2","4","1","1","2","0","0","1","1","1","1","1","2","1","1","1","1","1","2","2","2","0","0","1","1","0","1","1","8","1","0","0","up"
"79","0","1","3","2","0","1","0","0","1","2","0","0","0","1","1","1","2","0","1","0","7","3","0","1","0","0","0","1","0","1","1","0","5","0","2","1","0","3","6","1","1","0","1","4","2","1","0","1","0","0","0","0","0","1","0","0","1","1","0","2","10","3","1","1","1","0","1","1","1","0","0","4","1","0","1","0","1","2","1","1","5","2","3","0","1","1","1","1","2","0","1","3","1","3","1","7","1","1","2","1","0","1","6","6","1","1","1","0","1","4","1","0","1","0","0","1","1","1","1","1","0","1","1","2","1","1","5","0","1","0","0","1","1","1","0","1","4","1","0","0","flat"
"80","5","1","2","3","0","0","6","2","5","4","3","0","0","1","1","1","1","1","1","1","26","7","4","6","7","1","1","2","0","1","2","1","8","2","7","0","2","5","6","4","1","1","1","4","0","0","3","1","0","1","2","4","1","1","2","6","1","2","0","4","14","4","0","1","0","1","1","0","0","3","1","12","1","3","4","1","5","0","5","3","13","5","2","0","1","3","3","1","5","5","0","4","1","5","6","5","7","1","2","4","1","0","5","7","1","1","0","1","0","6","1","1","4","1","9","1","3","0","1","4","1","1","4","0","1","2","4","0","5","1","4","1","1","2","2","1","13","1","1","1","up"
"81","0","0","2","0","0","0","0","0","0","0","0","0","0","1","0","0","0","0","0","1","1","1","0","1","0","0","0","0","0","0","0","0","0","0","0","0","0","0","4","1","1","0","0","3","0","0","0","1","0","0","1","0","0","0","0","1","0","0","0","0","0","1","0","0","0","0","0","0","0","0","0","0","0","0","0","0","0","0","0","0","6","0","1","0","0","0","0","0","0","0","0","0","1","0","0","0","0","0","1","0","0","0","0","1","0","0","0","0","1","0","3","0","0","0","0","0","0","0","0","0","0","0","1","0","1","0","0","0","0","0","0","0","0","0","0","0","5","0","0","0","flat"
"82","0","0","1","0","1","1","2","3","0","0","0","1","1","1","0","1","0","2","0","0","8","2","0","7","2","1","1","0","0","0","1","1","6","1","3","0","0","3","8","2","0","1","0","3","0","0","0","1","2","1","1","3","2","1","1","0","1","1","1","1","5","1","0","1","1","0","0","0","0","1","2","0","0","6","3","1","3","3","1","0","2","0","1","0","1","0","1","1","1","1","1","1","2","1","2","1","5","0","1","3","1","0","1","4","0","1","2","0","0","3","4","0","0","0","5","0","1","1","2","3","0","0","2","0","1","0","1","1","1","0","2","1","1","2","2","0","7","1","0","0","down"
"83","0","0","2","3","0","1","6","3","0","0","2","1","1","0","0","1","0","2","1","0","6","4","1","6","0","1","4","0","0","0","0","1","6","0","1","0","1","3","7","3","1","1","0","2","0","0","0","1","2","2","0","0","3","1","0","1","1","1","1","0","4","1","0","1","0","1","0","1","0","0","0","0","0","2","3","0","1","2","1","0","8","1","0","0","1","0","2","1","1","2","0","0","1","1","2","1","2","0","1","2","2","0","2","3","0","1","2","1","0","3","4","0","0","1","3","0","1","1","1","2","0","0","2","0","1","0","1","0","2","0","0","0","1","0","1","1","9","1","0","0","up"
"84","1","0","1","0","2","1","0","2","0","0","0","1","1","1","0","1","0","2","0","0","10","1","4","6","1","1","0","1","0","0","1","1","4","1","5","0","1","3","5","2","0","1","2","2","1","0","0","1","2","1","2","2","2","1","0","0","1","2","3","0","8","2","0","1","0","1","0","0","0","1","0","0","0","6","1","1","2","3","2","3","1","2","2","0","1","0","2","1","1","0","0","1","1","1","4","1","4","0","0","3","1","0","1","4","0","1","1","0","1","3","2","2","1","0","5","1","1","1","2","3","0","1","1","0","1","0","1","0","3","1","1","2","1","2","1","0","6","1","1","1","flat"
"85","0","0","2","1","0","0","2","2","0","0","0","1","1","1","0","1","0","2","0","2","4","3","0","6","0","1","1","0","1","0","1","1","6","0","2","0","1","3","7","5","0","1","0","3","0","0","0","1","1","2","0","0","3","1","1","2","1","1","1","0","4","1","0","1","0","0","0","0","0","0","0","1","0","4","3","1","1","3","1","0","7","0","0","0","1","2","1","1","1","2","0","0","1","1","1","1","3","0","1","2","1","0","1","5","0","1","0","0","0","5","3","1","0","0","3","0","1","0","2","4","0","0","3","0","1","0","1","1","2","0","0","1","1","2","2","0","4","1","0","0","flat"
"86","7","1","3","1","2","0","5","2","6","0","2","1","1","1","0","1","0","2","1","1","18","3","4","7","1","1","1","3","1","2","2","1","9","0","4","1","1","6","4","4","1","1","1","2","1","0","2","1","1","2","2","1","1","1","0","2","1","1","3","1","11","3","0","1","0","1","1","0","0","1","1","4","0","2","2","0","4","1","4","3","6","3","1","1","1","2","4","1","4","4","0","3","1","3","6","5","9","1","2","4","0","0","2","7","1","1","1","1","0","4","1","2","2","1","6","1","1","1","1","3","2","1","3","0","1","2","1","1","3","0","3","3","1","2","0","0","10","1","1","1","up"
"87","0","0","2","1","1","0","2","4","0","0","0","1","1","1","0","1","0","2","0","1","5","5","0","5","0","1","1","0","0","0","0","1","7","0","1","0","1","3","10","5","0","1","0","5","0","0","0","1","2","3","0","0","2","1","0","2","1","1","0","0","4","1","0","1","0","0","0","0","0","0","0","2","0","3","3","1","1","3","1","0","10","0","0","0","1","2","1","0","0","2","0","0","1","1","2","1","2","0","1","1","1","0","1","5","0","1","0","0","0","4","6","0","0","0","5","0","1","0","2","2","0","0","3","0","1","0","1","3","2","0","0","0","1","2","2","0","7","1","0","0","flat"
"88","0","0","3","1","0","0","0","0","0","0","1","0","0","4","0","0","0","2","0","0","3","0","0","0","0","0","0","1","0","0","0","0","4","0","0","1","0","1","4","0","0","1","1","1","0","0","0","2","0","1","0","0","0","0","0","0","0","0","2","0","3","0","0","0","0","1","0","0","0","1","1","0","0","0","0","0","1","1","0","0","1","0","0","0","0","0","1","0","1","0","0","1","1","0","0","2","2","0","1","2","0","0","0","2","0","0","2","0","2","1","2","1","0","0","0","0","0","0","0","1","0","0","0","1","1","1","1","0","0","1","0","0","1","1","0","0","1","0","0","1","up"
"89","0","1","1","2","0","2","0","0","1","2","0","0","0","1","1","1","0","2","1","0","7","3","0","3","0","0","0","1","0","2","1","0","4","0","2","1","0","3","5","2","1","1","1","3","2","1","1","1","0","1","0","0","0","1","0","0","1","0","0","2","9","2","1","1","1","0","1","1","1","0","0","3","1","0","1","0","1","1","1","1","4","2","3","0","1","1","1","0","3","0","1","3","1","0","1","4","1","1","2","1","0","1","4","5","1","1","2","0","1","2","1","0","0","0","0","1","1","1","1","1","0","1","2","1","1","1","3","0","1","0","0","1","1","0","0","1","3","1","1","0","up"
"90","0","1","1","2","3","1","2","1","4","2","2","0","0","0","1","1","2","0","0","0","8","1","0","1","0","0","1","2","1","0","0","0","4","1","1","1","0","2","4","1","1","0","0","1","0","1","2","1","0","0","0","1","0","1","0","0","1","1","1","0","7","2","1","1","2","0","1","1","1","0","0","2","1","0","2","1","0","0","0","0","2","1","0","0","0","0","4","1","1","1","1","1","0","1","0","3","4","1","2","2","0","0","3","3","1","0","1","1","2","3","3","1","1","0","2","1","0","2","1","0","3","0","1","0","1","1","2","0","0","0","1","1","1","1","0","1","3","1","0","0","up"
"91","2","1","2","2","0","2","3","1","0","2","2","0","0","1","1","1","1","1","0","1","11","4","0","2","2","1","1","1","3","1","1","1","7","0","2","3","2","8","9","3","1","1","1","7","1","1","1","1","2","1","1","2","0","1","1","1","1","1","2","5","10","3","1","1","1","1","1","1","0","0","1","7","1","3","1","1","2","2","3","1","7","2","3","1","1","2","3","2","1","2","1","2","1","2","1","6","5","1","1","5","0","0","4","8","1","1","2","1","1","4","1","1","2","0","4","1","1","1","1","1","2","1","1","0","1","1","3","2","2","0","1","0","1","1","1","1","8","1","0","1","up"
"92","0","1","1","2","0","1","0","0","2","3","0","0","0","1","1","1","2","0","1","0","7","3","0","1","1","0","0","1","0","1","1","0","4","0","2","1","0","3","5","1","1","0","1","3","1","1","0","1","0","0","0","0","0","1","0","0","2","1","0","2","9","3","1","1","1","0","1","1","1","1","0","3","1","0","0","0","1","2","1","1","4","2","3","0","1","1","2","1","1","0","1","3","1","1","1","4","2","1","2","1","0","1","4","4","1","1","1","0","1","4","1","0","1","0","0","1","1","1","1","1","1","1","1","1","1","1","3","0","1","0","0","1","1","0","0","1","3","1","0","0","flat"
"93","0","2","1","3","3","1","2","0","3","3","0","0","0","1","0","1","2","0","0","0","11","2","0","3","0","0","1","1","0","1","1","0","5","0","1","0","1","1","2","2","0","0","0","1","0","1","2","1","0","0","0","2","0","1","0","0","1","1","0","1","9","3","1","0","1","0","1","1","1","0","0","1","0","0","1","1","0","1","1","0","1","1","0","0","0","0","6","1","1","1","1","0","0","1","1","4","7","1","1","0","0","0","3","3","1","0","2","0","0","4","1","1","1","0","2","1","0","0","0","0","2","0","1","0","2","2","2","0","1","0","1","1","1","0","0","1","4","1","0","0","up"
"94","2","0","2","0","2","1","3","3","2","1","0","1","1","1","0","1","0","2","2","1","14","3","4","5","2","1","1","2","2","0","0","1","6","0","2","2","1","3","5","2","0","1","1","2","0","0","0","1","1","1","3","4","1","1","2","0","1","1","2","2","7","2","0","2","0","1","0","0","0","1","1","1","0","4","1","0","2","2","1","4","4","1","0","1","1","1","1","0","1","2","0","0","1","3","2","1","5","0","1","4","1","0","2","6","0","1","2","0","0","6","2","1","0","1","7","1","2","1","1","2","0","1","3","0","1","0","1","0","2","1","3","2","1","2","1","0","7","1","4","1","flat"
"95","2","1","1","1","1","2","3","1","0","3","2","0","0","1","1","1","1","1","0","1","11","5","0","2","2","1","1","1","5","1","2","1","7","0","2","3","1","8","8","3","1","1","1","6","1","1","1","1","2","1","1","2","1","1","2","3","2","1","2","3","10","3","1","2","1","1","1","1","0","0","1","8","1","3","1","1","2","1","3","1","8","2","3","1","1","2","3","2","1","2","1","2","1","2","1","6","5","1","1","5","0","0","4","7","1","1","3","1","1","3","1","1","2","1","4","1","1","1","1","1","2","1","1","0","1","1","2","2","2","0","1","0","1","0","1","1","8","1","1","1","down"
"96","0","0","3","2","0","0","0","0","0","0","0","1","1","3","0","1","0","2","1","0","3","1","0","2","0","0","0","1","0","0","2","0","5","0","0","2","0","2","5","2","0","1","1","2","0","0","0","2","0","3","1","0","1","1","0","1","0","0","1","2","5","1","0","0","0","0","0","0","0","0","0","1","0","0","1","0","0","0","0","0","4","0","1","0","0","2","2","2","1","0","0","0","1","1","0","2","2","0","1","3","2","1","0","3","1","0","2","1","1","3","2","1","0","0","0","0","0","0","1","1","0","0","0","1","1","1","2","0","1","1","0","0","1","2","0","0","3","0","0","0","down"
"97","3","1","1","1","1","1","1","0","3","3","0","0","0","1","1","0","2","0","1","0","10","4","1","3","0","0","0","1","0","0","0","0","3","4","5","0","0","4","4","3","0","0","1","1","0","0","3","1","0","0","1","1","0","2","0","1","1","1","1","1","9","2","1","0","1","0","1","0","1","0","1","2","1","1","1","1","0","0","2","0","3","4","1","0","0","2","4","1","2","0","1","0","0","2","0","7","6","1","1","2","1","1","4","2","1","0","0","2","0","3","3","2","2","1","2","1","0","0","0","2","3","0","4","0","1","1","2","0","4","0","1","0","1","0","0","1","7","1","0","0","up"
"98","0","1","1","2","1","2","1","0","1","2","0","0","0","1","1","1","2","0","0","1","5","4","0","2","1","0","0","1","1","1","3","0","6","5","5","0","0","3","4","3","0","0","1","1","1","0","0","1","0","0","0","2","0","2","0","1","2","1","1","1","6","3","1","0","1","0","1","0","1","0","0","1","1","1","0","0","0","0","2","0","3","3","2","1","0","0","3","2","3","1","1","2","1","2","1","2","4","1","2","4","1","1","4","1","1","0","3","1","2","1","3","1","0","0","2","0","0","1","0","2","1","0","4","1","1","1","2","3","2","0","1","0","1","0","0","1","9","1","1","0","down"
"99","3","1","1","1","1","1","1","0","3","3","0","0","0","1","1","0","2","0","1","0","10","4","1","3","0","0","0","1","0","0","0","0","4","4","5","0","0","4","4","3","0","0","1","1","0","0","3","1","0","0","1","1","0","2","0","1","2","1","1","1","9","2","1","0","1","0","1","0","1","0","1","2","1","1","0","1","0","0","2","0","3","4","1","0","0","2","4","1","2","0","1","0","0","2","0","7","6","1","1","2","1","1","4","2","1","0","0","2","0","3","3","2","2","1","2","1","0","0","0","2","3","0","4","0","1","1","2","0","4","0","1","0","1","0","0","1","6","1","0","0","up"
"100","7","1","3","1","2","0","5","2","6","0","2","1","1","1","0","1","0","2","1","1","19","3","4","6","1","1","1","3","1","2","2","1","8","1","4","0","1","6","4","4","1","1","1","2","1","0","3","1","1","2","2","1","1","1","0","2","1","1","3","1","13","3","0","1","0","1","1","0","0","1","1","5","0","2","2","0","4","2","4","3","7","3","1","1","1","2","4","1","4","4","0","3","1","3","6","5","9","1","2","3","0","0","2","7","2","1","2","1","0","4","1","2","2","1","6","1","2","1","1","3","2","1","3","0","1","2","1","1","3","0","3","3","1","2","0","0","10","1","1","1","up"
"101","3","1","2","3","0","0","4","4","3","3","3","0","0","1","1","1","1","1","1","0","22","4","3","6","8","1","1","2","1","1","1","1","4","1","7","1","2","7","7","2","1","1","1","5","0","1","2","1","1","0","1","2","1","1","1","2","1","1","2","4","17","3","0","1","0","1","1","1","0","3","3","7","1","5","4","1","4","0","4","2","7","5","4","0","1","3","1","0","2","3","0","3","1","4","2","7","5","1","1","4","0","0","8","6","1","1","1","0","0","4","1","1","4","1","6","1","3","0","1","3","0","1","2","0","1","2","7","1","2","1","2","1","1","2","1","1","6","1","1","1","up"
"102","0","1","1","2","1","2","1","0","1","2","0","0","0","1","1","1","2","0","0","1","5","4","0","2","1","0","0","1","1","1","3","0","6","4","4","0","0","3","4","3","0","0","1","1","1","0","0","1","0","0","0","2","0","2","0","1","2","1","1","1","6","3","1","0","1","0","1","1","1","0","0","1","1","0","0","0","0","0","2","0","3","3","3","1","0","0","3","2","1","1","1","2","1","2","1","2","4","1","2","4","1","1","4","1","1","0","1","1","2","0","3","1","0","0","2","0","0","1","0","2","1","0","4","1","1","1","2","3","2","0","1","0","1","0","0","1","8","1","0","0","down"
"103","4","1","2","3","0","0","6","2","4","4","3","0","0","1","0","1","1","1","1","1","29","8","4","6","5","1","1","2","0","1","3","1","8","2","7","0","1","5","5","3","1","1","2","3","1","0","2","1","1","2","2","4","1","1","2","6","1","2","0","4","16","4","0","1","0","1","1","0","0","2","1","9","0","2","3","1","5","0","4","3","11","5","3","1","1","1","2","2","6","5","0","5","1","4","6","7","9","1","2","3","1","0","3","7","1","1","1","1","0","6","1","2","3","1","9","1","2","0","1","3","1","1","5","0","1","2","4","1","3","1","4","2","1","2","1","1","13","1","0","1","down"
"104","0","1","2","2","0","1","0","0","1","2","0","0","0","1","1","1","2","0","1","1","7","3","0","1","0","0","0","1","1","1","0","0","4","0","2","1","0","3","5","1","1","0","1","3","1","1","1","1","0","1","0","0","0","1","0","0","1","1","1","3","10","3","1","1","1","0","1","1","1","0","0","4","1","0","1","0","1","1","1","1","5","2","3","0","1","1","1","1","2","0","1","3","1","2","0","5","1","1","2","1","0","1","4","5","1","1","1","0","1","2","1","0","1","0","0","1","1","1","1","1","0","1","1","2","1","1","3","0","1","0","0","1","1","1","0","1","4","1","1","0","flat"
"105","0","0","3","0","1","0","0","0","0","0","0","1","1","3","0","0","0","2","0","0","3","0","0","0","0","0","0","1","0","0","0","0","3","0","0","2","0","1","4","0","0","1","0","1","0","1","0","2","1","3","1","0","1","0","1","0","0","1","2","1","6","1","0","0","0","1","0","0","0","1","0","1","0","1","0","0","0","0","0","0","2","0","0","0","0","2","1","0","1","0","0","0","1","1","1","1","1","0","1","1","0","1","0","3","0","0","1","1","1","2","2","2","0","0","0","0","0","0","0","0","0","0","1","1","1","1","1","0","2","1","0","0","1","0","0","0","2","0","1","0","down"
"106","0","0","2","0","1","0","2","3","0","0","2","1","1","1","0","2","0","2","1","0","8","3","0","2","0","1","1","2","1","0","0","1","7","1","1","0","1","1","8","3","1","1","1","2","0","0","0","1","1","1","1","0","2","1","0","1","1","0","3","1","2","1","0","0","0","1","0","1","0","0","0","0","0","1","2","1","1","1","1","0","4","0","0","0","1","0","2","1","0","1","0","0","1","1","0","1","2","0","0","2","1","0","2","3","0","1","0","0","0","1","4","1","0","0","4","0","1","2","0","2","0","0","1","1","1","0","1","1","1","1","1","0","1","0","1","0","5","1","2","0","down"
"107","0","0","4","3","1","0","0","0","0","0","0","1","1","3","0","2","0","2","1","0","3","1","1","0","0","0","0","1","2","0","1","0","6","1","0","1","0","1","4","3","0","1","0","1","0","0","0","2","0","3","1","0","0","1","0","1","1","0","0","0","1","0","0","0","0","0","0","0","0","0","0","0","0","1","1","0","0","0","0","0","2","0","1","0","0","2","1","1","1","0","0","0","1","0","1","1","2","0","0","3","2","1","0","4","0","0","1","0","1","1","2","1","0","0","0","0","0","0","2","0","0","0","0","1","2","1","1","0","1","1","0","0","1","0","0","0","2","0","0","0","down"
"108","2","1","2","2","0","2","3","1","0","2","2","0","0","1","1","1","1","1","0","1","12","5","0","4","1","1","1","2","3","1","1","1","7","0","2","3","1","8","10","3","1","1","1","8","1","1","1","1","2","1","1","2","0","1","1","1","1","1","2","3","10","3","1","1","1","1","1","1","0","1","1","5","1","3","1","1","2","2","3","1","6","2","3","1","1","1","3","2","1","2","1","3","1","2","2","6","5","1","1","5","0","0","4","9","1","1","2","1","1","5","1","1","2","0","4","1","1","1","1","1","2","1","1","0","1","1","3","2","3","0","1","1","1","1","1","1","8","1","1","1","up"
"109","0","0","5","0","0","0","0","0","0","1","0","1","1","3","0","1","0","2","1","0","3","1","0","2","0","0","0","1","0","0","3","0","4","0","0","1","0","0","5","3","0","1","1","2","0","0","0","2","0","3","1","0","1","0","0","1","1","0","2","0","3","1","0","0","0","0","0","0","0","1","0","0","0","0","0","0","0","0","0","0","3","0","0","0","0","1","1","1","0","0","0","0","1","1","0","0","2","0","1","2","1","1","0","3","1","0","1","1","1","1","2","1","0","0","0","0","0","0","1","1","0","0","0","1","1","1","2","0","1","1","0","0","1","1","0","0","3","1","1","0","down"
"110","0","0","1","0","1","0","0","0","0","0","0","1","1","1","0","0","0","2","0","0","2","0","0","0","0","0","0","1","0","0","0","0","2","1","0","0","1","0","3","0","0","1","0","1","0","0","0","1","0","2","0","0","1","0","1","1","0","1","0","1","5","1","0","0","0","0","0","0","0","1","1","0","0","1","2","0","0","0","0","0","2","0","0","0","0","2","1","0","1","0","0","0","1","1","1","1","1","0","2","0","0","1","0","1","1","0","2","0","0","1","1","2","0","0","0","0","0","0","0","1","0","0","0","1","1","0","1","0","2","1","0","0","1","1","0","0","1","1","0","0","up"
"111","0","1","1","2","0","2","0","0","1","2","1","0","0","1","1","1","2","0","1","0","7","3","0","1","0","0","0","1","1","2","1","0","4","0","2","1","0","3","5","2","1","1","1","3","2","1","1","1","0","1","0","0","0","1","0","0","1","0","0","2","9","2","1","1","1","0","1","1","1","0","0","3","1","0","1","0","1","2","1","1","4","2","3","0","1","0","1","0","3","0","1","3","1","0","0","4","1","1","2","1","0","1","4","5","1","1","2","0","1","3","1","0","1","0","0","1","1","1","1","1","0","1","2","1","1","1","3","0","1","0","0","1","1","0","0","1","3","1","0","0","up"
"112","0","0","4","0","1","0","2","0","1","0","0","0","0","0","0","0","0","0","0","1","1","0","0","2","1","0","1","0","0","0","0","0","0","0","0","0","0","0","10","1","0","1","1","1","0","0","0","1","0","0","0","0","0","0","0","0","1","0","3","0","0","1","0","0","0","0","0","0","0","0","0","0","0","0","0","0","0","0","0","0","5","0","2","0","0","0","0","0","0","0","0","0","1","0","0","0","0","0","3","0","1","0","0","0","0","0","1","0","1","0","7","0","0","0","9","0","1","1","0","0","0","0","0","0","1","1","0","6","0","3","2","0","0","0","0","0","8","0","0","0","flat"
"113","1","0","2","0","1","1","3","3","1","1","0","1","1","1","0","1","0","2","2","1","12","1","4","6","1","1","1","2","2","0","0","1","7","0","2","2","1","3","4","1","0","1","1","2","0","0","0","1","1","3","1","4","1","1","1","0","1","1","2","2","7","2","0","2","0","1","0","0","0","1","1","1","0","4","1","0","1","2","1","4","3","1","0","1","1","2","1","0","1","2","0","0","1","3","2","1","3","0","0","4","1","0","1","5","0","1","2","1","0","3","1","1","0","1","5","1","2","1","1","2","0","1","2","0","1","0","1","0","2","1","1","2","1","2","1","0","5","1","2","1","up"
"114","0","2","3","2","0","1","0","0","1","2","0","0","0","1","1","1","2","0","1","0","8","3","0","1","0","0","0","1","0","1","1","0","5","0","2","1","0","3","6","1","1","0","1","4","2","1","0","1","0","2","0","1","0","1","0","0","1","1","0","2","10","3","1","1","1","0","1","1","1","0","0","4","1","0","1","0","1","2","1","1","6","2","3","0","1","1","1","1","3","0","1","3","2","3","0","5","1","1","2","1","0","1","5","6","1","1","1","0","1","4","1","0","1","0","1","1","1","1","1","1","0","1","1","2","2","1","4","0","1","0","0","1","1","1","0","1","5","1","1","0","flat"
"115","0","0","2","0","1","0","0","0","0","0","0","1","1","0","0","0","0","2","0","0","2","0","0","0","0","0","0","1","0","0","0","0","2","0","0","2","0","1","4","0","0","1","0","2","0","0","0","1","1","2","0","0","1","0","1","0","0","1","2","0","6","0","0","0","0","1","0","0","0","1","1","0","0","1","1","0","0","0","0","0","2","0","0","0","0","2","2","0","1","0","0","0","1","1","1","1","2","0","2","1","0","1","0","3","0","0","1","2","0","1","1","2","0","0","0","0","0","0","0","0","0","0","0","1","1","0","2","0","2","1","0","0","1","1","0","0","1","0","1","1","flat"
"116","0","1","1","2","0","2","0","0","1","2","1","0","0","1","1","1","0","2","1","0","7","3","0","1","0","0","0","1","1","2","1","0","4","0","3","2","0","3","5","2","1","1","1","3","2","1","1","1","0","2","0","0","0","1","0","0","1","0","0","3","9","2","1","1","1","0","1","1","1","0","0","3","1","0","1","0","1","2","1","1","4","2","3","0","1","0","1","0","3","0","1","3","1","0","0","4","1","1","2","2","0","1","4","5","1","1","3","0","1","4","1","0","0","0","0","1","1","1","1","1","0","1","2","1","1","1","3","0","1","0","0","1","1","0","0","1","3","1","0","0","flat"
"117","6","1","3","1","2","0","5","2","5","0","1","1","1","1","0","1","0","2","1","1","15","2","4","7","1","1","1","2","1","2","2","1","7","0","5","1","1","6","4","5","1","1","1","2","1","0","2","1","1","2","2","1","1","1","0","3","1","1","2","1","10","3","0","1","0","1","1","0","0","1","1","2","0","2","2","0","3","1","3","2","5","3","1","1","1","2","4","1","4","4","0","2","1","2","5","5","7","1","2","4","0","0","2","7","1","1","1","1","0","4","1","2","2","1","6","1","1","1","1","3","2","1","3","0","1","2","1","1","3","0","3","3","1","2","0","0","11","1","1","1","flat"
"118","4","1","3","1","3","0","5","2","4","0","0","1","1","1","0","1","0","2","0","1","11","1","2","6","1","1","1","1","0","1","1","1","6","0","4","1","1","2","5","3","1","1","1","3","0","0","0","1","0","3","2","3","1","1","0","4","0","1","1","0","4","2","0","1","0","1","1","0","1","0","1","2","0","2","4","0","3","2","1","2","5","2","0","1","1","1","3","1","1","4","0","1","1","1","3","2","6","1","1","3","0","0","1","6","0","1","2","1","0","5","1","1","1","1","4","1","1","1","1","1","2","1","3","1","1","1","1","1","3","1","1","1","1","1","2","0","8","2","2","1","up"
"119","0","1","7","4","1","2","5","0","1","2","0","0","0","1","1","5","2","0","0","1","10","5","0","2","0","0","1","1","1","1","2","0","8","3","4","2","1","4","9","2","1","0","1","2","1","1","2","1","0","0","1","3","0","6","0","0","3","1","1","2","9","5","1","1","1","0","1","1","1","0","0","3","1","0","0","0","1","1","1","1","8","4","4","0","1","2","2","2","2","4","1","2","2","2","1","5","2","1","2","3","2","1","5","4","1","1","4","0","4","3","7","1","1","1","6","1","1","1","1","3","1","1","7","0","1","1","3","2","1","0","2","1","1","1","0","1","9","1","0","0","flat"
"120","0","0","7","3","1","0","0","0","0","0","0","1","1","3","0","1","0","2","1","1","4","1","0","1","1","0","0","1","2","0","1","0","6","0","0","2","0","1","5","5","0","1","0","1","0","0","0","2","0","2","0","0","0","1","0","0","0","1","0","0","0","0","0","0","0","0","0","0","0","0","0","0","0","0","1","0","0","0","0","0","2","0","0","0","0","1","2","1","0","0","0","0","1","0","1","0","3","0","1","4","1","1","0","2","0","0","2","1","1","1","4","3","0","0","0","0","0","0","1","0","0","0","1","1","1","1","1","0","0","1","0","0","1","1","0","0","3","0","0","0","down"
"121","0","0","4","0","0","0","0","0","0","1","0","1","1","3","0","1","0","2","1","0","3","0","0","2","0","0","0","1","0","0","2","0","2","0","0","0","0","1","5","1","0","1","0","2","0","0","0","2","0","2","1","0","1","0","1","0","0","0","0","1","2","1","0","0","0","0","0","0","0","0","0","1","0","0","0","0","0","0","0","0","2","0","0","0","0","2","1","1","0","0","0","0","1","0","0","0","2","0","0","0","1","1","0","3","0","0","1","0","1","1","2","2","0","0","0","0","0","0","0","0","0","0","0","0","1","1","2","0","2","1","0","0","1","1","0","0","3","0","0","0","down"
"122","3","1","1","2","0","2","3","0","4","3","0","0","0","1","1","0","2","0","1","0","14","4","1","5","0","0","0","2","0","0","0","0","5","5","5","0","0","6","4","3","0","0","1","1","0","1","3","1","0","0","0","3","0","2","0","1","1","1","3","1","10","2","1","0","1","0","1","0","1","1","1","2","1","1","1","1","0","0","2","0","3","3","1","0","0","2","4","1","8","2","1","0","0","3","3","7","6","1","1","2","1","1","4","2","1","0","1","2","1","2","3","2","2","2","7","1","1","0","0","1","3","0","5","0","1","1","2","0","4","0","3","0","1","0","1","1","8","1","0","0","up"
"123","1","1","1","2","0","1","0","0","0","2","0","0","0","1","1","1","0","2","0","0","6","5","1","1","0","0","0","1","0","1","0","0","4","0","2","1","0","5","5","1","1","1","1","3","1","1","0","1","1","0","0","0","0","1","0","0","1","0","1","3","8","2","1","1","1","0","1","1","1","0","0","5","1","0","0","0","1","1","1","1","6","2","1","1","1","0","2","0","2","0","1","3","1","1","0","5","2","1","1","1","0","1","4","5","1","1","1","0","1","2","1","1","0","0","0","1","1","1","1","1","1","1","1","2","1","1","3","1","1","0","0","1","1","0","0","1","3","1","0","0","up"
"124","0","0","5","0","0","0","0","0","0","1","0","1","1","3","0","1","0","2","1","0","4","2","0","3","1","0","0","1","0","0","2","0","2","0","0","0","0","1","4","2","0","1","0","2","0","0","0","2","0","1","0","0","1","0","0","0","0","1","1","1","2","1","0","0","0","0","0","0","0","0","0","1","0","0","0","0","0","0","0","0","3","0","0","0","0","1","1","1","0","0","0","0","1","1","0","0","2","0","0","0","0","1","0","2","0","0","0","0","1","0","2","3","0","0","0","0","0","0","0","0","0","0","0","0","1","1","1","0","1","0","0","0","1","3","0","0","3","1","0","0","down"
"125","1","0","1","0","1","1","0","2","0","0","0","1","1","1","0","1","0","2","0","0","10","1","4","8","1","1","0","1","0","0","1","1","6","2","4","0","1","3","4","2","0","1","2","2","1","0","0","1","1","1","2","2","2","1","0","1","1","2","3","0","8","2","0","1","0","1","0","0","0","1","0","0","0","6","1","1","2","3","2","4","1","2","2","0","1","1","2","1","1","0","0","1","1","1","4","1","4","0","0","3","1","0","1","5","0","1","0","0","1","3","1","1","1","1","4","1","1","1","2","3","0","1","1","0","1","0","1","0","3","1","1","3","1","2","1","0","6","1","1","1","flat"
"126","3","1","2","3","0","0","3","3","4","2","3","0","0","1","1","1","1","1","1","1","16","3","3","5","2","1","1","1","2","1","3","1","5","0","5","2","2","4","6","3","1","1","1","4","0","1","1","1","1","0","1","2","1","1","1","3","1","0","1","3","12","2","1","1","0","1","1","1","1","1","2","7","1","5","0","1","2","1","2","2","7","4","3","2","1","2","1","2","1","2","0","3","1","1","3","5","5","1","1","5","0","0","5","6","1","1","2","1","0","3","1","1","2","1","4","1","2","0","1","2","0","1","1","0","1","2","5","3","1","1","1","1","1","2","1","1","7","2","1","1","up"
"127","0","0","6","0","0","0","0","0","0","1","1","1","1","3","0","0","0","2","1","0","4","0","0","2","0","0","0","1","0","0","2","0","3","1","0","1","0","0","5","3","0","1","1","2","0","0","0","2","0","3","1","0","1","0","1","1","0","0","1","0","4","0","0","0","0","0","0","0","0","2","0","0","0","0","1","0","0","0","0","0","3","0","0","0","0","1","1","1","0","0","0","0","1","0","1","0","2","0","1","2","1","1","0","3","0","0","1","1","1","1","2","3","0","0","0","0","0","0","0","1","0","0","0","1","1","1","1","1","0","1","0","0","1","2","0","0","4","1","1","0","up"
"128","0","0","2","3","0","1","2","3","0","0","1","1","1","0","0","1","0","2","1","0","6","4","0","5","0","1","0","0","0","0","0","1","6","0","1","0","0","2","8","3","1","1","0","2","0","0","0","1","2","2","0","0","3","1","0","2","0","1","0","0","2","1","0","1","0","1","0","1","0","0","0","0","0","2","3","0","1","1","1","0","7","0","0","0","1","0","2","1","0","1","0","0","1","1","2","1","2","0","1","2","2","0","2","2","0","1","0","0","0","3","4","0","0","1","3","0","1","1","1","2","0","0","2","0","1","0","1","0","2","0","1","0","1","0","1","1","10","1","0","0","up"
"129","0","1","2","0","0","1","0","3","2","1","0","1","1","1","0","1","0","2","2","1","13","2","4","4","1","1","0","1","2","0","0","1","8","0","2","3","0","3","5","0","0","1","1","3","0","0","0","1","1","1","1","3","1","1","1","0","1","1","2","2","8","2","0","2","0","1","0","0","0","1","1","1","0","5","2","0","0","3","1","3","2","1","0","1","1","1","1","0","1","0","0","0","1","3","1","1","3","0","0","6","2","0","2","6","0","1","3","1","0","2","1","1","0","1","2","1","1","1","2","1","0","1","0","0","1","0","1","0","2","1","0","2","1","2","2","0","6","1","2","1","flat"
"130","1","0","2","0","0","1","3","4","1","0","0","1","1","1","0","1","0","2","0","0","10","2","4","3","1","1","1","2","2","0","0","1","6","1","1","0","1","4","5","1","1","1","1","3","0","0","0","1","2","1","1","4","1","1","1","2","0","0","1","0","6","1","0","1","0","1","0","0","1","2","1","1","0","3","2","0","1","3","2","4","3","1","0","1","1","2","2","0","1","2","0","0","1","2","0","1","3","0","0","4","1","0","1","8","0","1","1","1","0","4","1","1","1","1","5","1","1","1","1","2","1","1","1","0","1","0","1","0","1","1","1","2","1","2","2","0","3","2","1","1","up"
"131","0","2","1","2","2","1","2","1","3","2","1","0","0","1","1","0","2","0","0","0","11","1","0","2","0","0","1","1","0","1","1","0","5","0","1","1","0","1","3","2","0","0","0","1","1","1","2","1","0","1","0","1","0","0","0","0","1","1","2","1","9","2","1","0","2","0","1","1","1","0","0","1","1","0","0","1","0","1","0","0","1","1","0","0","0","0","6","1","1","1","1","0","0","1","1","4","6","1","2","2","0","0","4","3","1","0","2","1","2","2","2","1","1","0","2","1","0","1","1","0","3","0","1","0","1","2","3","0","1","0","1","1","1","0","0","1","5","1","0","0","flat"
"132","4","1","1","2","0","0","6","2","4","4","3","0","0","1","0","1","1","1","1","1","25","8","4","5","5","1","1","2","0","1","3","1","7","2","7","0","1","5","5","3","1","1","1","3","1","0","2","1","1","2","2","4","1","1","2","6","1","2","0","3","15","4","0","1","0","1","1","0","0","2","1","9","0","2","3","1","5","0","4","3","11","5","3","1","1","1","2","2","5","5","0","5","1","4","6","5","7","1","2","3","1","0","3","6","1","1","1","0","0","6","1","2","3","1","9","1","2","0","1","3","1","1","4","0","1","2","3","1","3","1","4","1","1","1","1","1","13","1","0","1","up"
"133","0","0","1","0","0","2","0","0","0","0","0","1","1","0","0","0","0","2","0","0","2","0","0","1","0","0","0","1","0","0","0","0","2","1","0","0","1","1","3","0","0","1","0","1","1","0","0","1","0","2","0","0","1","0","1","1","0","1","0","0","4","0","0","0","0","0","0","0","0","0","1","0","0","1","1","0","0","0","0","0","1","0","0","0","0","4","1","0","1","0","0","0","1","1","1","1","3","0","1","0","0","1","0","1","0","0","1","0","0","1","1","1","0","1","0","0","0","0","0","0","0","0","0","2","1","0","1","0","0","1","0","0","1","0","0","0","2","1","1","0","up"
"134","0","0","2","0","1","0","0","0","0","0","0","1","1","0","0","0","0","2","0","0","2","0","0","1","0","0","0","1","0","0","0","0","2","0","0","2","0","1","4","0","0","1","0","2","0","0","0","1","0","2","0","0","1","0","1","0","0","1","1","0","6","0","0","0","0","1","0","0","0","1","1","0","0","1","1","0","0","0","0","0","1","0","0","0","0","2","2","0","0","0","0","0","1","1","0","0","2","0","2","2","0","1","0","2","0","0","0","2","0","1","1","2","0","0","0","0","0","0","0","0","0","0","0","1","1","0","2","0","2","1","0","0","1","1","0","0","1","0","0","1","flat"
"135","2","1","2","2","1","1","1","0","4","3","0","0","0","1","1","0","2","0","0","0","11","4","1","2","3","0","0","1","0","0","0","0","5","4","6","0","0","6","4","3","0","0","1","1","0","0","3","1","0","0","1","2","0","2","0","1","1","1","1","0","11","2","1","0","1","0","1","0","1","0","1","2","1","2","0","1","1","0","4","0","3","4","1","1","0","2","4","1","3","1","1","0","0","2","1","8","7","1","1","4","1","1","6","3","1","0","3","1","0","2","3","2","2","0","2","1","0","0","0","2","3","0","3","2","1","1","4","1","4","0","1","0","1","0","0","1","8","1","1","0","down"
"136","2","1","2","2","1","2","3","1","0","2","1","0","0","1","1","1","1","1","0","0","11","4","0","4","2","1","1","1","3","1","4","1","7","0","2","3","2","8","9","4","1","1","1","7","1","1","1","1","2","0","1","2","1","1","4","2","2","1","2","3","10","3","1","1","1","1","1","1","0","0","1","5","1","3","1","1","2","2","3","1","6","2","3","1","1","3","3","2","2","2","1","2","1","1","2","6","5","1","1","5","0","0","5","8","1","1","4","1","1","4","1","1","2","1","4","1","1","1","1","1","2","1","1","0","1","1","3","2","2","0","1","0","1","1","1","1","8","1","0","1","up"
"137","2","1","1","2","0","2","3","1","0","2","1","0","0","0","1","2","1","1","1","1","11","6","0","4","1","1","1","1","0","1","1","1","7","0","2","0","2","8","8","3","1","1","1","6","1","1","1","1","2","0","1","2","0","1","1","1","1","1","2","3","11","3","1","1","1","1","1","1","0","0","1","5","1","3","1","1","2","2","3","1","6","2","4","1","1","3","3","2","0","2","1","2","1","2","2","6","5","1","1","1","0","0","3","7","1","1","2","0","1","5","1","1","1","0","4","1","1","1","1","1","2","1","1","0","1","1","2","1","2","0","1","1","1","0","1","1","9","1","0","1","up"
"138","1","3","3","0","3","0","13","0","1","1","0","0","0","1","1","2","2","0","0","1","11","2","0","5","0","0","1","0","0","0","0","0","0","1","1","0","0","0","14","1","0","0","0","2","1","0","0","1","0","0","0","3","0","2","0","0","2","0","1","0","0","2","0","0","0","0","1","0","1","0","0","0","1","0","0","0","0","0","1","0","13","1","2","0","0","0","2","1","1","11","0","0","8","0","1","2","3","1","0","1","1","1","2","2","0","1","0","0","1","1","12","0","0","0","19","0","0","0","0","1","0","0","7","0","4","1","1","2","1","0","7","0","1","1","0","0","5","1","0","0","down"
"139","0","0","1","1","1","1","2","2","0","0","1","0","0","0","0","1","0","0","0","0","5","4","0","3","0","0","1","0","0","0","0","0","6","0","1","1","0","1","8","3","1","0","0","2","0","0","0","1","1","1","0","0","2","1","1","2","0","0","0","0","1","1","0","1","0","0","0","1","0","0","0","0","0","1","3","0","0","1","1","0","7","0","0","0","1","0","1","1","1","1","0","0","1","1","1","1","1","0","1","3","1","0","1","2","0","1","1","0","0","3","5","0","0","0","3","0","1","1","1","3","0","0","1","1","1","0","1","0","2","0","1","0","0","0","1","0","8","0","1","0","down"
"140","1","1","2","3","0","2","0","0","0","2","1","0","0","1","1","1","1","1","1","0","9","6","0","2","0","0","0","1","2","1","3","1","7","1","3","1","2","9","8","1","1","1","1","6","1","1","1","1","2","1","0","0","0","1","1","0","1","1","1","2","13","3","1","1","1","1","1","1","0","0","0","5","1","1","1","1","1","1","1","1","6","2","3","1","1","2","3","2","2","0","1","2","1","3","1","6","3","1","1","1","0","1","4","8","1","1","2","0","2","5","1","1","2","0","0","1","1","1","1","2","2","1","1","1","1","1","3","2","2","0","0","1","1","1","1","1","8","1","1","1","up"
"141","2","1","2","2","0","2","3","1","0","2","1","0","0","1","1","1","1","1","1","2","11","6","0","5","0","1","1","1","0","1","2","1","7","0","2","1","2","8","9","3","1","1","1","7","1","1","1","1","2","0","1","2","0","1","1","0","1","1","2","3","12","3","1","1","1","1","1","1","0","0","1","5","1","3","1","1","2","1","3","1","6","2","3","1","1","3","3","2","1","2","1","2","1","2","2","6","5","1","1","2","0","0","4","7","1","1","2","0","2","4","1","1","2","0","4","1","1","1","1","2","2","1","1","1","1","1","3","1","2","0","1","1","1","1","1","1","9","1","0","1","up"
"142","0","0","3","0","0","0","0","0","0","0","1","1","1","3","0","0","0","2","0","0","3","0","0","0","1","0","0","1","0","0","0","0","3","0","0","2","0","1","4","0","0","1","1","1","0","1","0","2","0","4","1","1","0","0","0","0","0","0","2","0","3","0","0","0","0","1","0","0","0","1","1","1","0","0","1","0","0","0","0","0","1","0","0","0","0","1","1","0","0","0","0","0","1","0","1","2","2","0","1","3","0","1","0","2","0","0","0","1","1","1","2","1","0","0","0","0","0","0","0","1","0","0","0","2","1","1","1","0","0","1","0","0","1","0","0","0","1","0","0","0","up"
"143","1","1","1","2","0","1","0","0","0","2","0","0","0","1","1","1","0","2","0","1","6","5","1","2","0","0","0","1","1","1","0","1","4","0","2","1","0","5","5","1","1","1","1","3","1","1","0","1","1","1","0","0","0","1","0","0","1","0","1","3","8","2","1","1","1","0","1","1","1","0","0","5","1","0","0","0","1","0","0","1","6","2","1","1","1","0","2","0","2","0","1","3","1","1","0","5","2","1","1","1","0","1","4","5","1","1","2","0","1","1","1","1","0","0","0","1","1","1","1","1","1","1","1","2","1","1","3","1","1","0","0","1","1","0","0","1","3","1","0","0","up"
"144","0","0","1","0","0","1","0","2","0","0","0","1","1","1","0","1","0","2","2","1","11","2","4","7","1","1","0","1","0","0","1","1","5","0","3","1","1","3","4","1","0","1","2","2","0","0","0","1","1","0","2","4","1","1","1","1","1","1","2","1","11","2","0","2","0","1","0","0","0","1","0","1","0","5","1","1","2","3","2","3","2","2","2","0","2","1","1","1","1","0","0","0","1","1","2","1","3","0","0","6","1","0","1","4","0","1","2","0","1","2","1","0","1","1","4","1","3","1","1","2","0","1","1","0","1","0","1","0","2","1","1","1","1","1","1","0","6","1","0","1","up"
"145","1","2","1","1","1","1","6","0","0","1","2","0","0","0","0","0","0","0","0","0","11","0","2","5","0","0","2","0","0","0","1","0","0","0","0","0","0","1","12","0","0","1","1","2","0","0","0","1","0","0","0","2","0","0","0","0","0","0","2","0","0","1","0","0","0","0","0","0","0","0","0","0","0","3","0","0","0","0","2","0","7","0","1","0","0","0","5","1","3","4","0","0","5","0","0","2","7","0","1","0","0","0","1","5","0","1","1","0","0","2","15","1","0","0","8","0","0","0","0","0","1","0","1","0","3","0","1","1","1","0","7","0","0","2","0","0","3","0","2","0","flat"
"146","4","1","1","2","0","0","6","2","4","4","2","0","0","1","1","1","1","1","1","1","25","7","4","5","5","1","1","2","0","1","3","1","7","2","7","0","1","5","5","3","1","1","1","3","1","0","2","1","1","2","2","4","1","1","1","6","1","2","0","3","15","4","0","1","0","1","1","0","0","2","1","9","1","2","3","1","5","0","4","3","11","5","3","1","1","2","2","2","6","5","0","5","1","4","6","5","7","1","2","3","1","0","3","6","1","1","1","0","0","6","1","2","3","1","9","1","2","0","1","3","1","1","4","0","1","2","3","1","3","1","4","1","1","1","1","1","13","1","0","1","up"
"147","1","0","2","0","0","1","3","4","1","0","0","1","1","1","0","1","0","2","0","0","10","2","4","3","1","1","1","2","2","0","0","1","6","1","1","0","1","3","5","1","1","1","1","3","0","0","0","1","1","1","1","4","1","1","0","1","0","0","2","0","6","1","0","1","0","1","0","0","1","2","1","1","0","3","2","0","1","3","2","4","3","1","0","1","1","2","2","0","2","2","0","0","1","2","0","1","3","0","0","4","1","0","1","8","0","1","3","0","0","3","1","1","1","1","5","1","1","1","1","2","1","1","1","0","1","0","1","0","1","1","1","2","1","2","2","0","4","2","0","1","up"
"148","0","0","1","0","0","0","0","0","0","0","0","1","1","0","0","0","0","1","1","0","4","1","0","0","0","0","0","1","0","0","1","0","5","0","0","1","0","1","3","2","0","1","1","1","0","0","0","1","0","5","1","0","1","1","0","0","0","0","2","0","3","0","0","0","0","0","0","0","0","0","1","1","0","0","1","0","0","0","0","0","4","0","1","0","0","2","2","1","0","0","0","0","1","1","0","0","2","0","0","2","2","1","0","1","0","0","1","1","0","1","1","2","0","0","0","0","0","0","1","0","0","0","0","1","1","0","1","0","1","1","0","0","0","1","0","0","2","0","2","0","down"
"149","2","0","3","0","0","0","3","3","1","0","0","1","1","0","0","1","0","2","0","0","11","2","3","6","2","1","1","2","2","0","0","1","5","1","2","0","1","3","4","2","1","1","1","2","0","0","0","1","1","2","2","2","1","1","1","2","0","0","0","0","5","1","0","1","0","1","1","0","1","2","1","1","0","2","1","0","2","2","2","3","3","1","0","2","1","2","2","0","1","2","0","0","1","2","2","1","3","1","1","3","1","0","1","8","0","1","1","1","0","6","1","1","1","1","5","1","1","0","1","1","1","1","1","1","1","1","1","1","1","1","2","2","1","1","1","0","2","2","6","1","up"
"150","0","1","1","2","0","1","0","0","0","3","1","0","0","1","1","1","0","2","0","0","7","4","1","3","0","0","0","1","0","1","1","0","6","0","2","1","0","4","5","2","1","1","1","3","1","1","0","1","1","1","0","0","0","1","0","0","1","0","1","3","8","2","1","1","1","0","1","1","1","2","0","4","1","0","0","0","1","1","0","1","5","2","1","1","1","1","1","1","2","0","1","3","1","1","1","3","1","1","1","1","0","1","4","5","1","1","1","0","1","2","1","1","0","0","0","1","1","1","1","1","0","1","0","1","1","1","3","1","1","0","0","1","1","0","0","1","4","1","1","0","up"
